;;;;;;;Privacy Strength;Records;QIs;Utility;Runtime;Suppressed;Suppressed Ratio;Variance;Variance (not suppressed)
Dataset;UtilityMeasure;PrivacyModel;Algorithm;Suppression Limit;Suppression Weight;gsFactorStepSize;Value;Value;Value;Value;Value;Value;Value;Value;Value
Adult;Loss;5-anonymity;RGR;0.05;0.0;0.05;5.0;30162.0;9.0;0.2739245195979827;1258.0;3.0;9.946290033817386E-5;0.0029650788997611717;0.0029491897948161435
Adult;Loss;5-anonymity;RGR;0.05;0.05;0.05;5.0;30162.0;9.0;0.2739245195979827;1225.0;3.0;9.946290033817386E-5;0.0029650788997611717;0.0029491897948161435
Adult;Loss;5-anonymity;RGR;0.05;0.1;0.05;5.0;30162.0;9.0;0.2739245195979827;1221.0;3.0;9.946290033817386E-5;0.0029650788997611717;0.0029491897948161435
Adult;Loss;5-anonymity;RGR;0.05;0.15;0.05;5.0;30162.0;9.0;0.2739245195979827;1253.0;3.0;9.946290033817386E-5;0.0029650788997611717;0.0029491897948161435
Adult;Loss;5-anonymity;RGR;0.05;0.2;0.05;5.0;30162.0;9.0;0.2739245195979827;1220.4;3.0;9.946290033817386E-5;0.0029650788997611717;0.0029491897948161435
Adult;Loss;5-anonymity;RGR;0.05;0.25;0.05;5.0;30162.0;9.0;0.2739245195979827;1253.2;3.0;9.946290033817386E-5;0.0029650788997611717;0.0029491897948161435
Adult;Loss;5-anonymity;RGR;0.05;0.3;0.05;5.0;30162.0;9.0;0.2739245195979827;1268.0;3.0;9.946290033817386E-5;0.0029650788997611717;0.0029491897948161435
Adult;Loss;5-anonymity;RGR;0.05;0.35;0.05;5.0;30162.0;9.0;0.2739245195979827;1234.0;3.0;9.946290033817386E-5;0.0029650788997611717;0.0029491897948161435
Adult;Loss;5-anonymity;RGR;0.05;0.4;0.05;5.0;30162.0;9.0;0.2739245195979827;1272.8;3.0;9.946290033817386E-5;0.0029650788997611717;0.0029491897948161435
Adult;Loss;5-anonymity;RGR;0.05;0.45;0.05;5.0;30162.0;9.0;0.2739245195979827;1298.4;3.0;9.946290033817386E-5;0.0029650788997611717;0.0029491897948161435
Adult;Loss;5-anonymity;RGR;0.05;0.5;0.05;5.0;30162.0;9.0;0.2739245195979827;1265.6;3.0;9.946290033817386E-5;0.0029650788997611717;0.0029491897948161435
Adult;Loss;5-anonymity;RGR;0.1;0.0;0.05;5.0;30162.0;9.0;0.21287477333271604;1265.2;2.0;6.630860022544923E-5;0.006044340852916171;0.006033565748449684
Adult;Loss;5-anonymity;RGR;0.1;0.05;0.05;5.0;30162.0;9.0;0.21287477333271604;1312.4;2.0;6.630860022544923E-5;0.006044340852916171;0.006033565748449684
Adult;Loss;5-anonymity;RGR;0.1;0.1;0.05;5.0;30162.0;9.0;0.21287477333271604;1249.6;2.0;6.630860022544923E-5;0.006044340852916171;0.006033565748449684
Adult;Loss;5-anonymity;RGR;0.1;0.15;0.05;5.0;30162.0;9.0;0.2129335066995503;1349.0;10.0;3.315430011272462E-4;0.00607726780025442;0.006023400597181992
Adult;Loss;5-anonymity;RGR;0.1;0.2;0.05;5.0;30162.0;9.0;0.2129335066995503;1455.0;10.0;3.315430011272462E-4;0.00607726780025442;0.006023400597181992
Adult;Loss;5-anonymity;RGR;0.1;0.25;0.05;5.0;30162.0;9.0;0.2129335066995503;1542.8;10.0;3.315430011272462E-4;0.00607726780025442;0.006023400597181992
Adult;Loss;5-anonymity;RGR;0.1;0.3;0.05;5.0;30162.0;9.0;0.2129335066995503;1511.2;10.0;3.315430011272462E-4;0.00607726780025442;0.006023400597181992
Adult;Loss;5-anonymity;RGR;0.1;0.35;0.05;5.0;30162.0;9.0;0.2129335066995503;1571.6;10.0;3.315430011272462E-4;0.00607726780025442;0.006023400597181992
Adult;Loss;5-anonymity;RGR;0.1;0.4;0.05;5.0;30162.0;9.0;0.21340347468849327;1672.8;0.0;0.0;0.0036642035431688697;0.0036642035431688697
Adult;Loss;5-anonymity;RGR;0.1;0.45;0.05;5.0;30162.0;9.0;0.21340347468849327;1826.2;0.0;0.0;0.0036642035431688697;0.0036642035431688697
Adult;Loss;5-anonymity;RGR;0.1;0.5;0.05;5.0;30162.0;9.0;0.21340347468849327;1845.0;0.0;0.0;0.0036642035431688697;0.0036642035431688697
Adult;Loss;5-anonymity;RGR;0.2;0.0;0.05;5.0;30162.0;9.0;0.14355218423448368;1138.8;1.0;3.315430011272462E-5;0.011296116524283717;0.011288640994857192
Adult;Loss;5-anonymity;RGR;0.2;0.05;0.05;5.0;30162.0;9.0;0.14355218423448368;1262.0;1.0;3.315430011272462E-5;0.011296116524283717;0.011288640994857192
Adult;Loss;5-anonymity;RGR;0.2;0.1;0.05;5.0;30162.0;9.0;0.14355218423448368;1478.8;1.0;3.315430011272462E-5;0.011296116524283717;0.011288640994857192
Adult;Loss;5-anonymity;RGR;0.2;0.15;0.05;5.0;30162.0;9.0;0.14643646672661811;1660.0;2.0;6.630860022544923E-5;0.011893132871523202;0.011877994642200131
Adult;Loss;5-anonymity;RGR;0.2;0.2;0.05;5.0;30162.0;9.0;0.14643646672661811;1916.6;2.0;6.630860022544923E-5;0.011893132871523205;0.01187799464220013
Adult;Loss;5-anonymity;RGR;0.2;0.25;0.05;5.0;30162.0;9.0;0.15434847934208776;2024.0;0.0;0.0;0.007588701152041694;0.007588701152041694
Adult;Loss;5-anonymity;RGR;0.2;0.3;0.05;5.0;30162.0;9.0;0.15434847934208776;2357.2;0.0;0.0;0.007588701152041694;0.007588701152041694
Adult;Loss;5-anonymity;RGR;0.2;0.35;0.05;5.0;30162.0;9.0;0.15434847934208776;2655.2;0.0;0.0;0.007588701152041694;0.007588701152041694
Adult;Loss;5-anonymity;RGR;0.2;0.4;0.05;5.0;30162.0;9.0;0.18526264785830918;2815.4;0.0;0.0;0.00541667634573173;0.00541667634573173
Adult;Loss;5-anonymity;RGR;0.2;0.45;0.05;5.0;30162.0;9.0;0.21123855066316785;2747.0;3.0;9.946290033817386E-5;0.005406852061093394;0.005390511969890075
Adult;Loss;5-anonymity;RGR;0.2;0.5;0.05;5.0;30162.0;9.0;0.21310775428150958;2809.6;3.0;9.946290033817386E-5;0.0036411253866572985;0.0036244309930186474
Adult;Loss;5-anonymity;RGR;0.3;0.0;0.05;5.0;30162.0;9.0;0.12311133116657018;1131.8;3.0;9.946290033817386E-5;0.019002031863792884;0.01897840152883849
Adult;Loss;5-anonymity;RGR;0.3;0.05;0.05;5.0;30162.0;9.0;0.12311133116657018;1444.0;3.0;9.946290033817386E-5;0.019002031863792884;0.01897840152883849
Adult;Loss;5-anonymity;RGR;0.3;0.1;0.05;5.0;30162.0;9.0;0.12311133116657018;1964.8;3.0;9.946290033817386E-5;0.019002031863792884;0.01897840152883849
Adult;Loss;5-anonymity;RGR;0.3;0.15;0.05;5.0;30162.0;9.0;0.12331596226672717;2633.6;2.0;6.630860022544923E-5;0.01884602884038523;0.01883023771375184
Adult;Loss;5-anonymity;RGR;0.3;0.2;0.05;5.0;30162.0;9.0;0.13687843973203018;2576.4;2.0;6.630860022544923E-5;0.009659623211166651;0.009644177566497457
Adult;Loss;5-anonymity;RGR;0.3;0.25;0.05;5.0;30162.0;9.0;0.15421764189238168;2808.4;0.0;0.0;0.007603212619579566;0.007603212619579566
Adult;Loss;5-anonymity;RGR;0.3;0.3;0.05;5.0;30162.0;9.0;0.15421764189238168;3242.6;0.0;0.0;0.007603212619579566;0.007603212619579566
Adult;Loss;5-anonymity;RGR;0.3;0.35;0.05;5.0;30162.0;9.0;0.15421764189238168;3586.8;0.0;0.0;0.007603212619579566;0.007603212619579566
Adult;Loss;5-anonymity;RGR;0.3;0.4;0.05;5.0;30162.0;9.0;0.18526264785830918;3737.0;0.0;0.0;0.00541667634573173;0.00541667634573173
Adult;Loss;5-anonymity;RGR;0.3;0.45;0.05;5.0;30162.0;9.0;0.21123855066316785;3688.0;3.0;9.946290033817386E-5;0.005406852061093394;0.005390511969890075
Adult;Loss;5-anonymity;RGR;0.3;0.5;0.05;5.0;30162.0;9.0;0.21310775428150958;3712.4;3.0;9.946290033817386E-5;0.0036411253866572985;0.0036244309930186474
Adult;Loss;5-anonymity;RGR;0.999;0.0;0.05;5.0;30162.0;9.0;0.0636195236770224;55575.2;1.0;3.315430011272462E-5;0.019123991362799193;0.019113944976822825
Adult;Loss;5-anonymity;RGR;0.999;0.05;0.05;5.0;30162.0;9.0;0.06864458527388181;246043.4;4.0;1.3261720045089847E-4;0.014054361210381212;0.014015319484781685
Adult;Loss;5-anonymity;RGR;0.999;0.1;0.05;5.0;30162.0;9.0;0.09043975441758016;149317.6;2.0;6.630860022544923E-5;0.017738774989961036;0.017721109343072163
Adult;Loss;5-anonymity;RGR;0.999;0.15;0.05;5.0;30162.0;9.0;0.1111223537801472;24814.2;4.0;1.3261720045089847E-4;0.013390510342284327;0.013358029601801973
Adult;Loss;5-anonymity;RGR;0.999;0.2;0.05;5.0;30162.0;9.0;0.13655852771867852;7189.2;4.0;1.3261720045089847E-4;0.009615917771173533;0.00958499534456941
Adult;Loss;5-anonymity;RGR;0.999;0.25;0.05;5.0;30162.0;9.0;0.15421764189238168;6640.8;0.0;0.0;0.007603212619579566;0.007603212619579566
Adult;Loss;5-anonymity;RGR;0.999;0.3;0.05;5.0;30162.0;9.0;0.15421764189238168;7238.8;0.0;0.0;0.007603212619579566;0.007603212619579566
Adult;Loss;5-anonymity;RGR;0.999;0.35;0.05;5.0;30162.0;9.0;0.15421764189238168;7728.2;0.0;0.0;0.007603212619579566;0.007603212619579566
Adult;Loss;5-anonymity;RGR;0.999;0.4;0.05;5.0;30162.0;9.0;0.18526264785830918;7302.0;0.0;0.0;0.00541667634573173;0.00541667634573173
Adult;Loss;5-anonymity;RGR;0.999;0.45;0.05;5.0;30162.0;9.0;0.21123855066316785;6749.8;3.0;9.946290033817386E-5;0.005406852061093394;0.005390511969890075
Adult;Loss;5-anonymity;RGR;0.999;0.5;0.05;5.0;30162.0;9.0;0.21310775428150958;6609.4;3.0;9.946290033817386E-5;0.0036411253866572985;0.0036244309930186474
Cup;Loss;5-anonymity;RGR;0.05;0.0;0.05;5.0;63441.0;8.0;0.12410355266152488;7945.6;5.0;7.881338566542141E-5;0.0018695465300127086;0.0018514496996553964
Cup;Loss;5-anonymity;RGR;0.05;0.05;0.05;5.0;63441.0;8.0;0.12410355266152488;8022.2;5.0;7.881338566542141E-5;0.0018695465300127086;0.0018514496996553964
Cup;Loss;5-anonymity;RGR;0.05;0.1;0.05;5.0;63441.0;8.0;0.12410355266152488;8074.8;5.0;7.881338566542141E-5;0.0018695465300127086;0.0018514496996553964
Cup;Loss;5-anonymity;RGR;0.05;0.15;0.05;5.0;63441.0;8.0;0.12410355266152488;8052.4;5.0;7.881338566542141E-5;0.0018695465300127086;0.0018514496996553964
Cup;Loss;5-anonymity;RGR;0.05;0.2;0.05;5.0;63441.0;8.0;0.12410355266152488;8042.0;5.0;7.881338566542141E-5;0.0018695465300127086;0.0018514496996553964
Cup;Loss;5-anonymity;RGR;0.05;0.25;0.05;5.0;63441.0;8.0;0.12410355266152488;7991.6;5.0;7.881338566542141E-5;0.0018695465300127086;0.0018514496996553964
Cup;Loss;5-anonymity;RGR;0.05;0.3;0.05;5.0;63441.0;8.0;0.12410355266152488;8262.4;5.0;7.881338566542141E-5;0.0018695465300127086;0.0018514496996553964
Cup;Loss;5-anonymity;RGR;0.05;0.35;0.05;5.0;63441.0;8.0;0.12410355266152488;8017.4;5.0;7.881338566542141E-5;0.0018695465300127086;0.0018514496996553964
Cup;Loss;5-anonymity;RGR;0.05;0.4;0.05;5.0;63441.0;8.0;0.12410355266152488;8244.8;5.0;7.881338566542141E-5;0.0018695465300127086;0.0018514496996553964
Cup;Loss;5-anonymity;RGR;0.05;0.45;0.05;5.0;63441.0;8.0;0.12410355266152488;8450.8;5.0;7.881338566542141E-5;0.0018695465300127086;0.0018514496996553964
Cup;Loss;5-anonymity;RGR;0.05;0.5;0.05;5.0;63441.0;8.0;0.12410355266152488;7794.2;5.0;7.881338566542141E-5;0.0018695465300127086;0.0018514496996553964
Cup;Loss;5-anonymity;RGR;0.1;0.0;0.05;5.0;63441.0;8.0;0.11301330892078014;8237.4;3.0;4.728803139925285E-5;0.002792303236840338;0.002780938748624159
Cup;Loss;5-anonymity;RGR;0.1;0.05;0.05;5.0;63441.0;8.0;0.11301330892078014;7935.6;3.0;4.728803139925285E-5;0.002792303236840338;0.002780938748624159
Cup;Loss;5-anonymity;RGR;0.1;0.1;0.05;5.0;63441.0;8.0;0.11301330892078014;8182.4;3.0;4.728803139925285E-5;0.002792303236840338;0.002780938748624159
Cup;Loss;5-anonymity;RGR;0.1;0.15;0.05;5.0;63441.0;8.0;0.11301330892078014;8087.0;3.0;4.728803139925285E-5;0.002792303236840338;0.002780938748624159
Cup;Loss;5-anonymity;RGR;0.1;0.2;0.05;5.0;63441.0;8.0;0.11301330892078014;7994.2;3.0;4.728803139925285E-5;0.002792303236840338;0.002780938748624159
Cup;Loss;5-anonymity;RGR;0.1;0.25;0.05;5.0;63441.0;8.0;0.12265762490614267;7802.6;2.0;3.1525354266168566E-5;0.0015134949034382385;0.0015061918716455995
Cup;Loss;5-anonymity;RGR;0.1;0.3;0.05;5.0;63441.0;8.0;0.12265762490614267;7742.2;2.0;3.1525354266168566E-5;0.0015134949034382385;0.0015061918716455995
Cup;Loss;5-anonymity;RGR;0.1;0.35;0.05;5.0;63441.0;8.0;0.12265762490614267;8037.2;2.0;3.1525354266168566E-5;0.0015134949034382385;0.0015061918716455995
Cup;Loss;5-anonymity;RGR;0.1;0.4;0.05;5.0;63441.0;8.0;0.12265762490614267;8042.6;2.0;3.1525354266168566E-5;0.0015134949034382385;0.0015061918716455995
Cup;Loss;5-anonymity;RGR;0.1;0.45;0.05;5.0;63441.0;8.0;0.12265762490614267;8061.2;2.0;3.1525354266168566E-5;0.0015134949034382385;0.0015061918716455995
Cup;Loss;5-anonymity;RGR;0.1;0.5;0.05;5.0;63441.0;8.0;0.1233346195032465;8304.8;1.0;1.5762677133084283E-5;0.0017420035288189105;0.001738371699952821
Cup;Loss;5-anonymity;RGR;0.2;0.0;0.05;5.0;63441.0;8.0;0.0992297773909582;9005.0;2.0;3.1525354266168566E-5;0.0055302657693865375;0.005521731289212952
Cup;Loss;5-anonymity;RGR;0.2;0.05;0.05;5.0;63441.0;8.0;0.10142800868236783;8438.2;5.0;7.881338566542141E-5;0.003390436724254555;0.0033699655885475513
Cup;Loss;5-anonymity;RGR;0.2;0.1;0.05;5.0;63441.0;8.0;0.10142800868236783;8086.6;5.0;7.881338566542141E-5;0.003390436724254555;0.0033699655885475513
Cup;Loss;5-anonymity;RGR;0.2;0.15;0.05;5.0;63441.0;8.0;0.11177650548018551;7587.6;3.0;4.728803139925285E-5;0.0025512984953798405;0.0025398735499419615
Cup;Loss;5-anonymity;RGR;0.2;0.2;0.05;5.0;63441.0;8.0;0.11177650548018551;7854.2;3.0;4.728803139925285E-5;0.0025512984953798405;0.0025398735499419615
Cup;Loss;5-anonymity;RGR;0.2;0.25;0.05;5.0;63441.0;8.0;0.11933193008374035;7663.8;1.0;1.5762677133084283E-5;0.001191815203076607;0.0011881680606754305
Cup;Loss;5-anonymity;RGR;0.2;0.3;0.05;5.0;63441.0;8.0;0.11941787029673892;8043.8;1.0;1.5762677133084283E-5;0.0012163272829248336;0.0012126828177469247
Cup;Loss;5-anonymity;RGR;0.2;0.35;0.05;5.0;63441.0;8.0;0.11941787029673892;8224.6;1.0;1.5762677133084283E-5;0.0012163272829248336;0.0012126828177469247
Cup;Loss;5-anonymity;RGR;0.2;0.4;0.05;5.0;63441.0;8.0;0.12251136299370154;9155.4;1.0;1.5762677133084283E-5;0.0014828441642963594;0.001479189657510958
Cup;Loss;5-anonymity;RGR;0.2;0.45;0.05;5.0;63441.0;8.0;0.12251136299370154;9500.8;1.0;1.5762677133084283E-5;0.0014828441642963594;0.001479189657510958
Cup;Loss;5-anonymity;RGR;0.2;0.5;0.05;5.0;63441.0;8.0;0.12319915799503559;9846.2;5.0;7.881338566542141E-5;0.0016420894294556826;0.0016239104866639178
Cup;Loss;5-anonymity;RGR;0.3;0.0;0.05;5.0;63441.0;8.0;0.09251218673254936;9350.4;1.0;1.5762677133084283E-5;0.005512470293507114;0.005508345972646556
Cup;Loss;5-anonymity;RGR;0.3;0.05;0.05;5.0;63441.0;8.0;0.09251218673254936;10202.2;1.0;1.5762677133084283E-5;0.005512470293507114;0.005508345972646556
Cup;Loss;5-anonymity;RGR;0.3;0.1;0.05;5.0;63441.0;8.0;0.10106950120560484;9258.0;1.0;1.5762677133084283E-5;0.0032360320498411913;0.003231931989239979
Cup;Loss;5-anonymity;RGR;0.3;0.15;0.05;5.0;63441.0;8.0;0.11022024987426733;9462.4;2.0;3.1525354266168566E-5;0.004047106418974488;0.004039602203265699
Cup;Loss;5-anonymity;RGR;0.3;0.2;0.05;5.0;63441.0;8.0;0.11168275434265038;9721.2;5.0;7.881338566542141E-5;0.002496023396282808;0.002476967140154422
Cup;Loss;5-anonymity;RGR;0.3;0.25;0.05;5.0;63441.0;8.0;0.11932286521580382;9390.8;4.0;6.305070853233713E-5;0.0012109894644550042;0.0011964017985670065
Cup;Loss;5-anonymity;RGR;0.3;0.3;0.05;5.0;63441.0;8.0;0.1193958674977678;9991.4;1.0;1.5762677133084283E-5;0.0012069038848220666;0.0012032591984126111
Cup;Loss;5-anonymity;RGR;0.3;0.35;0.05;5.0;63441.0;8.0;0.1193958674977678;10140.4;1.0;1.5762677133084283E-5;0.0012069038848220666;0.0012032591984126111
Cup;Loss;5-anonymity;RGR;0.3;0.4;0.05;5.0;63441.0;8.0;0.12250333854290349;10010.0;2.0;3.1525354266168566E-5;0.0014822923997850914;0.001474983018380031
Cup;Loss;5-anonymity;RGR;0.3;0.45;0.05;5.0;63441.0;8.0;0.12250333854290349;10733.6;2.0;3.1525354266168566E-5;0.0014822923997850914;0.001474983018380031
Cup;Loss;5-anonymity;RGR;0.3;0.5;0.05;5.0;63441.0;8.0;0.12318310210916532;10937.2;2.0;3.1525354266168566E-5;0.001640069901686359;0.0016327985210346633
Cup;Loss;5-anonymity;RGR;0.999;0.0;0.05;5.0;63441.0;8.0;0.0722795467864906;192550.4;5.0;7.881338566542141E-5;0.008643577093336395;0.008620806026827679
Cup;Loss;5-anonymity;RGR;0.999;0.05;0.05;5.0;63441.0;8.0;0.08872878809055286;98588.2;1.0;1.5762677133084283E-5;0.0037990754467740477;0.0037948683326498468
Cup;Loss;5-anonymity;RGR;0.999;0.1;0.05;5.0;63441.0;8.0;0.09964937485461205;32729.4;5.0;7.881338566542141E-5;0.003096841790533779;0.0030763287079688725
Cup;Loss;5-anonymity;RGR;0.999;0.15;0.05;5.0;63441.0;8.0;0.10708301603727073;27646.4;4.0;6.305070853233713E-5;0.0019328246495938716;0.0019175058966075472
Cup;Loss;5-anonymity;RGR;0.999;0.2;0.05;5.0;63441.0;8.0;0.11158621388100945;28977.4;5.0;7.881338566542141E-5;0.0024880342422585427;0.002468972934102096
Cup;Loss;5-anonymity;RGR;0.999;0.25;0.05;5.0;63441.0;8.0;0.11924597943691113;28405.8;4.0;6.305070853233713E-5;0.0011766032219988614;0.0011620109082403985
Cup;Loss;5-anonymity;RGR;0.999;0.3;0.05;5.0;63441.0;8.0;0.1193843462230735;30048.2;1.0;1.5762677133084283E-5;0.0012032832501116637;0.0011996384402402434
Cup;Loss;5-anonymity;RGR;0.999;0.35;0.05;5.0;63441.0;8.0;0.1193958674977678;32708.0;1.0;1.5762677133084283E-5;0.0012069038848220666;0.0012032591984126111
Cup;Loss;5-anonymity;RGR;0.999;0.4;0.05;5.0;63441.0;8.0;0.12250333854290349;33761.2;2.0;3.1525354266168566E-5;0.0014822923997850914;0.001474983018380031
Cup;Loss;5-anonymity;RGR;0.999;0.45;0.05;5.0;63441.0;8.0;0.12250333854290349;35613.2;2.0;3.1525354266168566E-5;0.0014822923997850914;0.001474983018380031
Cup;Loss;5-anonymity;RGR;0.999;0.5;0.05;5.0;63441.0;8.0;0.12318310210916532;35770.4;2.0;3.1525354266168566E-5;0.001640069901686359;0.0016327985210346633
Adult;Loss;10-anonymity;RGR;0.05;0.0;0.05;10.0;30162.0;9.0;0.3290410063904255;1212.2;0.0;0.0;0.003081035939660204;0.003081035939660204
Adult;Loss;10-anonymity;RGR;0.05;0.05;0.05;10.0;30162.0;9.0;0.3290410063904255;1128.0;0.0;0.0;0.003081035939660204;0.003081035939660204
Adult;Loss;10-anonymity;RGR;0.05;0.1;0.05;10.0;30162.0;9.0;0.3290410063904255;1187.2;0.0;0.0;0.003081035939660204;0.003081035939660204
Adult;Loss;10-anonymity;RGR;0.05;0.15;0.05;10.0;30162.0;9.0;0.3290410063904255;1198.8;0.0;0.0;0.003081035939660204;0.003081035939660204
Adult;Loss;10-anonymity;RGR;0.05;0.2;0.05;10.0;30162.0;9.0;0.3290410063904255;1180.0;0.0;0.0;0.003081035939660204;0.003081035939660204
Adult;Loss;10-anonymity;RGR;0.05;0.25;0.05;10.0;30162.0;9.0;0.3290410063904255;1161.6;0.0;0.0;0.003081035939660204;0.003081035939660204
Adult;Loss;10-anonymity;RGR;0.05;0.3;0.05;10.0;30162.0;9.0;0.3279955017685254;1181.4;0.0;0.0;0.002178359587940565;0.002178359587940565
Adult;Loss;10-anonymity;RGR;0.05;0.35;0.05;10.0;30162.0;9.0;0.3279955017685254;1173.6;0.0;0.0;0.002178359587940565;0.002178359587940565
Adult;Loss;10-anonymity;RGR;0.05;0.4;0.05;10.0;30162.0;9.0;0.3279955017685254;1181.6;0.0;0.0;0.002178359587940565;0.002178359587940565
Adult;Loss;10-anonymity;RGR;0.05;0.45;0.05;10.0;30162.0;9.0;0.3279955017685254;1185.8;0.0;0.0;0.002178359587940565;0.002178359587940565
Adult;Loss;10-anonymity;RGR;0.05;0.5;0.05;10.0;30162.0;9.0;0.3279955017685254;1193.8;0.0;0.0;0.002178359587940565;0.002178359587940565
Adult;Loss;10-anonymity;RGR;0.1;0.0;0.05;10.0;30162.0;9.0;0.26601813226800924;1242.0;0.0;0.0;0.004371791179997593;0.004371791179997593
Adult;Loss;10-anonymity;RGR;0.1;0.05;0.05;10.0;30162.0;9.0;0.26601813226800924;1290.6;0.0;0.0;0.004371791179997593;0.004371791179997593
Adult;Loss;10-anonymity;RGR;0.1;0.1;0.05;10.0;30162.0;9.0;0.26601813226800924;1425.0;0.0;0.0;0.004371791179997593;0.004371791179997593
Adult;Loss;10-anonymity;RGR;0.1;0.15;0.05;10.0;30162.0;9.0;0.26601813226800924;1427.6;0.0;0.0;0.004371791179997593;0.004371791179997593
Adult;Loss;10-anonymity;RGR;0.1;0.2;0.05;10.0;30162.0;9.0;0.26601813226800924;1451.0;0.0;0.0;0.004371791179997593;0.004371791179997593
Adult;Loss;10-anonymity;RGR;0.1;0.25;0.05;10.0;30162.0;9.0;0.26601813226800924;1519.4;0.0;0.0;0.004371791179997593;0.004371791179997593
Adult;Loss;10-anonymity;RGR;0.1;0.3;0.05;10.0;30162.0;9.0;0.26601813226800924;1530.4;0.0;0.0;0.004371791179997593;0.004371791179997593
Adult;Loss;10-anonymity;RGR;0.1;0.35;0.05;10.0;30162.0;9.0;0.26491053964671146;1579.8;1.0;3.315430011272462E-5;0.0037581384654033897;0.00375374414467268
Adult;Loss;10-anonymity;RGR;0.1;0.4;0.05;10.0;30162.0;9.0;0.26491053964671146;1549.0;1.0;3.315430011272462E-5;0.0037581384654033897;0.00375374414467268
Adult;Loss;10-anonymity;RGR;0.1;0.45;0.05;10.0;30162.0;9.0;0.2671190498438023;1572.6;11.0;3.6469730123997083E-4;0.0031066288168742507;0.0030575361310624513
Adult;Loss;10-anonymity;RGR;0.1;0.5;0.05;10.0;30162.0;9.0;0.2671190498438023;1623.0;11.0;3.6469730123997083E-4;0.0031066288168742507;0.0030575361310624513
Adult;Loss;10-anonymity;RGR;0.2;0.0;0.05;10.0;30162.0;9.0;0.20441149530767394;1212.4;3.0;9.946290033817386E-5;0.011789158866828624;0.011771757556509447
Adult;Loss;10-anonymity;RGR;0.2;0.05;0.05;10.0;30162.0;9.0;0.19571130259157432;1339.8;4.0;1.3261720045089847E-4;0.008098548873250382;0.008074011768525128
Adult;Loss;10-anonymity;RGR;0.2;0.1;0.05;10.0;30162.0;9.0;0.19571130259157432;1386.6;4.0;1.3261720045089847E-4;0.008098548873250382;0.008074011768525128
Adult;Loss;10-anonymity;RGR;0.2;0.15;0.05;10.0;30162.0;9.0;0.19571130259157432;1532.6;4.0;1.3261720045089847E-4;0.008098548873250382;0.008074011768525128
Adult;Loss;10-anonymity;RGR;0.2;0.2;0.05;10.0;30162.0;9.0;0.19630179722975633;1728.4;2.0;6.630860022544923E-5;0.007906191714560381;0.00789388594685574
Adult;Loss;10-anonymity;RGR;0.2;0.25;0.05;10.0;30162.0;9.0;0.19630179722975633;1886.6;2.0;6.630860022544923E-5;0.007906191714560381;0.00789388594685574
Adult;Loss;10-anonymity;RGR;0.2;0.3;0.05;10.0;30162.0;9.0;0.19992195710521385;2104.6;0.0;0.0;0.007422472731903539;0.007422472731903539
Adult;Loss;10-anonymity;RGR;0.2;0.35;0.05;10.0;30162.0;9.0;0.19992195710521385;2290.2;0.0;0.0;0.007422472731903539;0.007422472731903539
Adult;Loss;10-anonymity;RGR;0.2;0.4;0.05;10.0;30162.0;9.0;0.19992195710521385;2430.6;0.0;0.0;0.007422472731903539;0.007422472731903539
Adult;Loss;10-anonymity;RGR;0.2;0.45;0.05;10.0;30162.0;9.0;0.232031386347959;2461.2;3.0;9.946290033817386E-5;0.004680801609462054;0.004664563206002444
Adult;Loss;10-anonymity;RGR;0.2;0.5;0.05;10.0;30162.0;9.0;0.232031386347959;2576.4;3.0;9.946290033817386E-5;0.004680801609462054;0.004664563206002444
Adult;Loss;10-anonymity;RGR;0.3;0.0;0.05;10.0;30162.0;9.0;0.15887793525145238;1431.4;2.0;6.630860022544923E-5;0.014037889626187969;0.014023709279298817
Adult;Loss;10-anonymity;RGR;0.3;0.05;0.05;10.0;30162.0;9.0;0.15887793525145238;1549.6;2.0;6.630860022544923E-5;0.014037889626187969;0.014023709279298817
Adult;Loss;10-anonymity;RGR;0.3;0.1;0.05;10.0;30162.0;9.0;0.15887793525145238;1873.6;2.0;6.630860022544923E-5;0.014037889626187969;0.014023709279298817
Adult;Loss;10-anonymity;RGR;0.3;0.15;0.05;10.0;30162.0;9.0;0.1597013393785168;2288.2;8.0;2.6523440090179694E-4;0.013427359199186133;0.013370271591959835
Adult;Loss;10-anonymity;RGR;0.3;0.2;0.05;10.0;30162.0;9.0;0.17482095319091287;2500.8;7.0;2.3208010078907233E-4;0.010672777124439991;0.01062405069720818
Adult;Loss;10-anonymity;RGR;0.3;0.25;0.05;10.0;30162.0;9.0;0.17482095319091287;2893.4;7.0;2.3208010078907233E-4;0.010672777124439991;0.01062405069720818
Adult;Loss;10-anonymity;RGR;0.3;0.3;0.05;10.0;30162.0;9.0;0.19478504266807722;2918.2;7.0;2.3208010078907233E-4;0.010994539809909136;0.010952985694207414
Adult;Loss;10-anonymity;RGR;0.3;0.35;0.05;10.0;30162.0;9.0;0.19968270685017234;3092.8;0.0;0.0;0.00733854733816776;0.00733854733816776
Adult;Loss;10-anonymity;RGR;0.3;0.4;0.05;10.0;30162.0;9.0;0.19992195710521385;3317.6;0.0;0.0;0.007422472731903539;0.007422472731903539
Adult;Loss;10-anonymity;RGR;0.3;0.45;0.05;10.0;30162.0;9.0;0.23200628522798722;3483.4;5.0;1.657715005636231E-4;0.004666775445480588;0.004639701161606857
Adult;Loss;10-anonymity;RGR;0.3;0.5;0.05;10.0;30162.0;9.0;0.23200628522798722;3634.2;5.0;1.657715005636231E-4;0.004666775445480588;0.004639701161606857
Adult;Loss;10-anonymity;RGR;0.999;0.0;0.05;10.0;30162.0;9.0;0.09196184033043234;61903.6;1.0;3.315430011272462E-5;0.023238662459166882;0.023229654499038205
Adult;Loss;10-anonymity;RGR;0.999;0.05;0.05;10.0;30162.0;9.0;0.09921069005035534;244695.0;13.0;4.310059014654201E-4;0.01850557945797436;0.01839080885757114
Adult;Loss;10-anonymity;RGR;0.999;0.1;0.05;10.0;30162.0;9.0;0.11791515569803253;299525.0;8.0;2.6523440090179694E-4;0.015050472229660645;0.014985479999884912
Adult;Loss;10-anonymity;RGR;0.999;0.15;0.05;10.0;30162.0;9.0;0.15589769011671292;19464.4;0.0;0.0;0.01128053618064558;0.01128053618064558
Adult;Loss;10-anonymity;RGR;0.999;0.2;0.05;10.0;30162.0;9.0;0.16740126928120766;8548.4;5.0;1.657715005636231E-4;0.011152285681209744;0.011117711603755102
Adult;Loss;10-anonymity;RGR;0.999;0.25;0.05;10.0;30162.0;9.0;0.17460675855908647;8503.6;7.0;2.3208010078907233E-4;0.010585769264174623;0.010536970219629925
Adult;Loss;10-anonymity;RGR;0.999;0.3;0.05;10.0;30162.0;9.0;0.19467090365527623;8154.0;3.0;9.946290033817386E-5;0.011000757725449877;0.010982953872969744
Adult;Loss;10-anonymity;RGR;0.999;0.35;0.05;10.0;30162.0;9.0;0.19959642994203505;8203.4;1.0;3.315430011272462E-5;0.007319539136716123;0.007313330734525721
Adult;Loss;10-anonymity;RGR;0.999;0.4;0.05;10.0;30162.0;9.0;0.19992195710521385;8561.0;0.0;0.0;0.007422472731903539;0.007422472731903539
Adult;Loss;10-anonymity;RGR;0.999;0.45;0.05;10.0;30162.0;9.0;0.23200628522798722;8074.2;5.0;1.657715005636231E-4;0.004666775445480588;0.004639701161606857
Adult;Loss;10-anonymity;RGR;0.999;0.5;0.05;10.0;30162.0;9.0;0.23200628522798722;8110.8;5.0;1.657715005636231E-4;0.004666775445480588;0.004639701161606857
Cup;Loss;10-anonymity;RGR;0.05;0.0;0.05;10.0;63441.0;8.0;0.15657707491961817;8262.6;4.0;6.305070853233713E-5;0.00253266640532942;0.002520236328487791
Cup;Loss;10-anonymity;RGR;0.05;0.05;0.05;10.0;63441.0;8.0;0.15657707491961817;8048.4;4.0;6.305070853233713E-5;0.00253266640532942;0.002520236328487791
Cup;Loss;10-anonymity;RGR;0.05;0.1;0.05;10.0;63441.0;8.0;0.15650366023406556;8072.0;4.0;6.305070853233713E-5;0.002504472413004691;0.0024920673357209564
Cup;Loss;10-anonymity;RGR;0.05;0.15;0.05;10.0;63441.0;8.0;0.15650366023406556;8368.2;4.0;6.305070853233713E-5;0.002504472413004691;0.0024920673357209564
Cup;Loss;10-anonymity;RGR;0.05;0.2;0.05;10.0;63441.0;8.0;0.15650366023406556;8185.4;4.0;6.305070853233713E-5;0.002504472413004691;0.0024920673357209564
Cup;Loss;10-anonymity;RGR;0.05;0.25;0.05;10.0;63441.0;8.0;0.15650366023406556;8211.8;4.0;6.305070853233713E-5;0.002504472413004691;0.0024920673357209564
Cup;Loss;10-anonymity;RGR;0.05;0.3;0.05;10.0;63441.0;8.0;0.15650366023406556;8714.0;4.0;6.305070853233713E-5;0.002504472413004691;0.0024920673357209564
Cup;Loss;10-anonymity;RGR;0.05;0.35;0.05;10.0;63441.0;8.0;0.15650366023406556;8604.4;4.0;6.305070853233713E-5;0.002504472413004691;0.0024920673357209564
Cup;Loss;10-anonymity;RGR;0.05;0.4;0.05;10.0;63441.0;8.0;0.1640595114527775;8260.4;4.0;6.305070853233713E-5;0.001463160760890588;0.0014512116745622966
Cup;Loss;10-anonymity;RGR;0.05;0.45;0.05;10.0;63441.0;8.0;0.1640595114527775;7990.2;4.0;6.305070853233713E-5;0.001463160760890588;0.0014512116745622966
Cup;Loss;10-anonymity;RGR;0.05;0.5;0.05;10.0;63441.0;8.0;0.1640595114527775;8071.6;4.0;6.305070853233713E-5;0.001463160760890588;0.0014512116745622966
Cup;Loss;10-anonymity;RGR;0.1;0.0;0.05;10.0;63441.0;8.0;0.13348238655312208;8121.2;3.0;4.728803139925285E-5;0.003089162615065249;0.0030784417918158767
Cup;Loss;10-anonymity;RGR;0.1;0.05;0.05;10.0;63441.0;8.0;0.13348238655312208;8195.6;3.0;4.728803139925285E-5;0.003089162615065249;0.0030784417918158767
Cup;Loss;10-anonymity;RGR;0.1;0.1;0.05;10.0;63441.0;8.0;0.13348238655312208;8253.4;3.0;4.728803139925285E-5;0.003089162615065249;0.0030784417918158767
Cup;Loss;10-anonymity;RGR;0.1;0.15;0.05;10.0;63441.0;8.0;0.13348238655312208;8195.8;3.0;4.728803139925285E-5;0.003089162615065249;0.0030784417918158767
Cup;Loss;10-anonymity;RGR;0.1;0.2;0.05;10.0;63441.0;8.0;0.13348238655312208;8362.8;3.0;4.728803139925285E-5;0.003089162615065249;0.0030784417918158767
Cup;Loss;10-anonymity;RGR;0.1;0.25;0.05;10.0;63441.0;8.0;0.13348238655312208;8338.8;3.0;4.728803139925285E-5;0.003089162615065249;0.0030784417918158767
Cup;Loss;10-anonymity;RGR;0.1;0.3;0.05;10.0;63441.0;8.0;0.13348238655312208;8186.0;3.0;4.728803139925285E-5;0.003089162615065249;0.0030784417918158767
Cup;Loss;10-anonymity;RGR;0.1;0.35;0.05;10.0;63441.0;8.0;0.13348238655312208;8518.8;3.0;4.728803139925285E-5;0.003089162615065249;0.0030784417918158767
Cup;Loss;10-anonymity;RGR;0.1;0.4;0.05;10.0;63441.0;8.0;0.13348238655312208;8496.2;3.0;4.728803139925285E-5;0.003089162615065249;0.0030784417918158767
Cup;Loss;10-anonymity;RGR;0.1;0.45;0.05;10.0;63441.0;8.0;0.13353601075666918;9074.4;2.0;3.1525354266168566E-5;0.002814256448612561;0.0028070852597200935
Cup;Loss;10-anonymity;RGR;0.1;0.5;0.05;10.0;63441.0;8.0;0.13353601075666918;9194.6;2.0;3.1525354266168566E-5;0.002814256448612561;0.0028070852597200935
Cup;Loss;10-anonymity;RGR;0.2;0.0;0.05;10.0;63441.0;8.0;0.12126036120197099;8625.8;7.0;1.1033873993158998E-4;0.007773243843439799;0.007748412547888323
Cup;Loss;10-anonymity;RGR;0.2;0.05;0.05;10.0;63441.0;8.0;0.12126036120197099;8615.0;7.0;1.1033873993158998E-4;0.007773243843439799;0.007748412547888323
Cup;Loss;10-anonymity;RGR;0.2;0.1;0.05;10.0;63441.0;8.0;0.12146309067160917;8603.8;7.0;1.1033873993158998E-4;0.007252344175853093;0.007226350444525586
Cup;Loss;10-anonymity;RGR;0.2;0.15;0.05;10.0;63441.0;8.0;0.12731889112093894;8148.8;2.0;3.1525354266168566E-5;0.0022829462570333695;0.0022758126129090914
Cup;Loss;10-anonymity;RGR;0.2;0.2;0.05;10.0;63441.0;8.0;0.12731889112093894;8550.2;2.0;3.1525354266168566E-5;0.0022829462570333695;0.0022758126129090914
Cup;Loss;10-anonymity;RGR;0.2;0.25;0.05;10.0;63441.0;8.0;0.12731889112093894;8836.4;2.0;3.1525354266168566E-5;0.0022829462570333695;0.0022758126129090914
Cup;Loss;10-anonymity;RGR;0.2;0.3;0.05;10.0;63441.0;8.0;0.12731889112093894;9095.6;2.0;3.1525354266168566E-5;0.0022829462570333695;0.0022758126129090914
Cup;Loss;10-anonymity;RGR;0.2;0.35;0.05;10.0;63441.0;8.0;0.12748083400413088;9221.4;1.0;1.5762677133084283E-5;0.0023155031366583457;0.0023119419189346025
Cup;Loss;10-anonymity;RGR;0.2;0.4;0.05;10.0;63441.0;8.0;0.12748083400413088;9537.4;1.0;1.5762677133084283E-5;0.0023155031366583457;0.0023119419189346025
Cup;Loss;10-anonymity;RGR;0.2;0.45;0.05;10.0;63441.0;8.0;0.13343547744486128;8814.8;9.0;1.4186409419775854E-4;0.002780667297552169;0.0027483663695288827
Cup;Loss;10-anonymity;RGR;0.2;0.5;0.05;10.0;63441.0;8.0;0.13343547744486128;9424.8;9.0;1.4186409419775854E-4;0.002780667297552169;0.0027483663695288827
Cup;Loss;10-anonymity;RGR;0.3;0.0;0.05;10.0;63441.0;8.0;0.11064131606115728;10392.6;2.0;3.1525354266168566E-5;0.00548803450267389;0.005480150812486097
Cup;Loss;10-anonymity;RGR;0.3;0.05;0.05;10.0;63441.0;8.0;0.11064131606115728;11005.6;2.0;3.1525354266168566E-5;0.00548803450267389;0.005480150812486097
Cup;Loss;10-anonymity;RGR;0.3;0.1;0.05;10.0;63441.0;8.0;0.1178158622483327;10746.0;9.0;1.4186409419775854E-4;0.005231247487464769;0.005197277730711133
Cup;Loss;10-anonymity;RGR;0.3;0.15;0.05;10.0;63441.0;8.0;0.12636658493605502;10092.6;4.0;6.305070853233713E-5;0.0020053358951532224;0.0019909527125761516
Cup;Loss;10-anonymity;RGR;0.3;0.2;0.05;10.0;63441.0;8.0;0.12654223249164442;10316.8;2.0;3.1525354266168566E-5;0.002068818776747769;0.0020616397893040454
Cup;Loss;10-anonymity;RGR;0.3;0.25;0.05;10.0;63441.0;8.0;0.12726331831585533;9968.2;8.0;1.2610141706467426E-4;0.0022712975120159186;0.0022427559506031165
Cup;Loss;10-anonymity;RGR;0.3;0.3;0.05;10.0;63441.0;8.0;0.12726331831585533;10304.4;8.0;1.2610141706467426E-4;0.0022712975120159186;0.0022427559506031165
Cup;Loss;10-anonymity;RGR;0.3;0.35;0.05;10.0;63441.0;8.0;0.12746392617187116;10188.4;3.0;4.728803139925285E-5;0.0023130264650536676;0.0023023411571401237
Cup;Loss;10-anonymity;RGR;0.3;0.4;0.05;10.0;63441.0;8.0;0.12746392617187116;10469.2;3.0;4.728803139925285E-5;0.0023130264650536676;0.0023023411571401237
Cup;Loss;10-anonymity;RGR;0.3;0.45;0.05;10.0;63441.0;8.0;0.13340425500790323;10720.8;1.0;1.5762677133084283E-5;0.0027748922071672366;0.0027713041320227933
Cup;Loss;10-anonymity;RGR;0.3;0.5;0.05;10.0;63441.0;8.0;0.13340425500790323;10665.2;1.0;1.5762677133084283E-5;0.0027748922071672366;0.0027713041320227933
Cup;Loss;10-anonymity;RGR;0.999;0.0;0.05;10.0;63441.0;8.0;0.08963107586056414;164078.0;2.0;3.1525354266168566E-5;0.009634871790510846;0.00962647547974655
Cup;Loss;10-anonymity;RGR;0.999;0.05;0.05;10.0;63441.0;8.0;0.10510168453158289;62556.4;10.0;1.5762677133084282E-4;0.004758622000994;0.004718833616911635
Cup;Loss;10-anonymity;RGR;0.999;0.1;0.05;10.0;63441.0;8.0;0.11574027437309511;26728.2;7.0;1.1033873993158998E-4;0.003415940962658727;0.0033889587279740856
Cup;Loss;10-anonymity;RGR;0.999;0.15;0.05;10.0;63441.0;8.0;0.12525312269473687;24969.8;3.0;4.728803139925285E-5;0.0042313155710626245;0.004220752934572557
Cup;Loss;10-anonymity;RGR;0.999;0.2;0.05;10.0;63441.0;8.0;0.12643718919910102;25457.8;5.0;7.881338566542141E-5;0.0020752889040748816;0.002057336804521395
Cup;Loss;10-anonymity;RGR;0.999;0.25;0.05;10.0;63441.0;8.0;0.127190460944537;27660.0;9.0;1.4186409419775854E-4;0.0022612342771489075;0.002229115641004306
Cup;Loss;10-anonymity;RGR;0.999;0.3;0.05;10.0;63441.0;8.0;0.12719145084440484;30635.2;8.0;1.2610141706467426E-4;0.002252662587561642;0.00222411252222623
Cup;Loss;10-anonymity;RGR;0.999;0.35;0.05;10.0;63441.0;8.0;0.12742937896870338;33442.8;4.0;6.305070853233713E-5;0.0022959687369404585;0.0022817176406292354
Cup;Loss;10-anonymity;RGR;0.999;0.4;0.05;10.0;63441.0;8.0;0.12746392617187116;35829.0;3.0;4.728803139925285E-5;0.0023130264650536676;0.0023023411571401237
Cup;Loss;10-anonymity;RGR;0.999;0.45;0.05;10.0;63441.0;8.0;0.13340425500790323;38245.2;1.0;1.5762677133084283E-5;0.0027748922071672366;0.0027713041320227933
Cup;Loss;10-anonymity;RGR;0.999;0.5;0.05;10.0;63441.0;8.0;0.13340425500790323;40324.0;1.0;1.5762677133084283E-5;0.0027748922071672366;0.0027713041320227933
Adult;Loss;25-anonymity;RGR;0.05;0.0;0.05;25.0;30162.0;9.0;0.425274928528981;1016.0;0.0;0.0;0.0020591542043692985;0.0020591542043692985
Adult;Loss;25-anonymity;RGR;0.05;0.05;0.05;25.0;30162.0;9.0;0.425274928528981;978.4;0.0;0.0;0.0020591542043692985;0.0020591542043692985
Adult;Loss;25-anonymity;RGR;0.05;0.1;0.05;25.0;30162.0;9.0;0.425274928528981;990.6;0.0;0.0;0.0020591542043692985;0.0020591542043692985
Adult;Loss;25-anonymity;RGR;0.05;0.15;0.05;25.0;30162.0;9.0;0.425274928528981;991.6;0.0;0.0;0.0020591542043692985;0.0020591542043692985
Adult;Loss;25-anonymity;RGR;0.05;0.2;0.05;25.0;30162.0;9.0;0.425274928528981;988.0;0.0;0.0;0.0020591542043692985;0.0020591542043692985
Adult;Loss;25-anonymity;RGR;0.05;0.25;0.05;25.0;30162.0;9.0;0.425274928528981;982.8;0.0;0.0;0.0020591542043692985;0.0020591542043692985
Adult;Loss;25-anonymity;RGR;0.05;0.3;0.05;25.0;30162.0;9.0;0.425274928528981;932.8;0.0;0.0;0.0020591542043692985;0.0020591542043692985
Adult;Loss;25-anonymity;RGR;0.05;0.35;0.05;25.0;30162.0;9.0;0.425274928528981;941.2;0.0;0.0;0.0020591542043692985;0.0020591542043692985
Adult;Loss;25-anonymity;RGR;0.05;0.4;0.05;25.0;30162.0;9.0;0.425274928528981;935.2;0.0;0.0;0.0020591542043692985;0.0020591542043692985
Adult;Loss;25-anonymity;RGR;0.05;0.45;0.05;25.0;30162.0;9.0;0.425274928528981;949.8;0.0;0.0;0.0020591542043692985;0.0020591542043692985
Adult;Loss;25-anonymity;RGR;0.05;0.5;0.05;25.0;30162.0;9.0;0.425274928528981;930.0;0.0;0.0;0.0020591542043692985;0.0020591542043692985
Adult;Loss;25-anonymity;RGR;0.1;0.0;0.05;25.0;30162.0;9.0;0.3423882337740666;1235.0;0.0;0.0;0.003822924019569965;0.003822924019569965
Adult;Loss;25-anonymity;RGR;0.1;0.05;0.05;25.0;30162.0;9.0;0.3423882337740666;1258.0;0.0;0.0;0.003822924019569965;0.003822924019569965
Adult;Loss;25-anonymity;RGR;0.1;0.1;0.05;25.0;30162.0;9.0;0.3423882337740666;1259.8;0.0;0.0;0.003822924019569965;0.003822924019569965
Adult;Loss;25-anonymity;RGR;0.1;0.15;0.05;25.0;30162.0;9.0;0.3423882337740666;1216.8;0.0;0.0;0.003822924019569965;0.003822924019569965
Adult;Loss;25-anonymity;RGR;0.1;0.2;0.05;25.0;30162.0;9.0;0.3423882337740666;1274.2;0.0;0.0;0.003822924019569965;0.003822924019569965
Adult;Loss;25-anonymity;RGR;0.1;0.25;0.05;25.0;30162.0;9.0;0.34366627698962005;1337.0;0.0;0.0;0.003107797057307993;0.003107797057307993
Adult;Loss;25-anonymity;RGR;0.1;0.3;0.05;25.0;30162.0;9.0;0.34366627698962005;1313.8;0.0;0.0;0.003107797057307993;0.003107797057307993
Adult;Loss;25-anonymity;RGR;0.1;0.35;0.05;25.0;30162.0;9.0;0.34366627698962005;1321.8;0.0;0.0;0.003107797057307993;0.003107797057307993
Adult;Loss;25-anonymity;RGR;0.1;0.4;0.05;25.0;30162.0;9.0;0.34366627698962005;1337.4;0.0;0.0;0.003107797057307993;0.003107797057307993
Adult;Loss;25-anonymity;RGR;0.1;0.45;0.05;25.0;30162.0;9.0;0.34366627698962005;1345.6;0.0;0.0;0.003107797057307993;0.003107797057307993
Adult;Loss;25-anonymity;RGR;0.1;0.5;0.05;25.0;30162.0;9.0;0.34366627698962005;1341.2;0.0;0.0;0.003107797057307993;0.003107797057307993
Adult;Loss;25-anonymity;RGR;0.2;0.0;0.05;25.0;30162.0;9.0;0.2565518726220214;1329.6;20.0;6.630860022544924E-4;0.008243463798134378;0.008143274986902602
Adult;Loss;25-anonymity;RGR;0.2;0.05;0.05;25.0;30162.0;9.0;0.2565518726220214;1444.8;20.0;6.630860022544924E-4;0.008243463798134378;0.008143274986902602
Adult;Loss;25-anonymity;RGR;0.2;0.1;0.05;25.0;30162.0;9.0;0.2565518726220214;1517.4;20.0;6.630860022544924E-4;0.008243463798134378;0.008143274986902602
Adult;Loss;25-anonymity;RGR;0.2;0.15;0.05;25.0;30162.0;9.0;0.2565518726220214;1617.4;20.0;6.630860022544924E-4;0.008243463798134378;0.008143274986902602
Adult;Loss;25-anonymity;RGR;0.2;0.2;0.05;25.0;30162.0;9.0;0.2565518726220214;1704.8;20.0;6.630860022544924E-4;0.008243463798134378;0.008143274986902602
Adult;Loss;25-anonymity;RGR;0.2;0.25;0.05;25.0;30162.0;9.0;0.2565518726220214;1721.4;20.0;6.630860022544924E-4;0.008243463798134378;0.008143274986902602
Adult;Loss;25-anonymity;RGR;0.2;0.3;0.05;25.0;30162.0;9.0;0.257514468744776;1833.2;51.0;0.0016908693057489557;0.008115411835709456;0.00785860430019413
Adult;Loss;25-anonymity;RGR;0.2;0.35;0.05;25.0;30162.0;9.0;0.257514468744776;1953.4;51.0;0.0016908693057489557;0.008115411835709456;0.00785860430019413
Adult;Loss;25-anonymity;RGR;0.2;0.4;0.05;25.0;30162.0;9.0;0.257514468744776;2083.6;51.0;0.0016908693057489557;0.008115411835709456;0.00785860430019413
Adult;Loss;25-anonymity;RGR;0.2;0.45;0.05;25.0;30162.0;9.0;0.3071471113862099;2013.2;7.0;2.3208010078907233E-4;0.008151944515725075;0.008118704413761264
Adult;Loss;25-anonymity;RGR;0.2;0.5;0.05;25.0;30162.0;9.0;0.3071471113862099;2074.6;7.0;2.3208010078907233E-4;0.008151944515725075;0.008118704413761264
Adult;Loss;25-anonymity;RGR;0.3;0.0;0.05;25.0;30162.0;9.0;0.2223363449093559;1387.4;32.0;0.0010609376036071877;0.015790546387595285;0.015620167143543948
Adult;Loss;25-anonymity;RGR;0.3;0.05;0.05;25.0;30162.0;9.0;0.2223363449093559;1549.6;32.0;0.0010609376036071877;0.015790546387595285;0.015620167143543948
Adult;Loss;25-anonymity;RGR;0.3;0.1;0.05;25.0;30162.0;9.0;0.22213894823846764;1687.8;5.0;1.657715005636231E-4;0.015440588231509983;0.015413884567396126
Adult;Loss;25-anonymity;RGR;0.3;0.15;0.05;25.0;30162.0;9.0;0.22213894823846764;1903.2;5.0;1.657715005636231E-4;0.015440588231509983;0.015413884567396126
Adult;Loss;25-anonymity;RGR;0.3;0.2;0.05;25.0;30162.0;9.0;0.22213894823846764;2218.4;5.0;1.657715005636231E-4;0.015440588231509983;0.015413884567396126
Adult;Loss;25-anonymity;RGR;0.3;0.25;0.05;25.0;30162.0;9.0;0.2312931501651149;2368.0;21.0;6.962403023672171E-4;0.011060432370094332;0.010940814032456222
Adult;Loss;25-anonymity;RGR;0.3;0.3;0.05;25.0;30162.0;9.0;0.2312931501651149;2556.0;21.0;6.962403023672171E-4;0.011060432370094332;0.010940814032456222
Adult;Loss;25-anonymity;RGR;0.3;0.35;0.05;25.0;30162.0;9.0;0.2312931501651149;2795.0;21.0;6.962403023672171E-4;0.011060432370094332;0.010940814032456222
Adult;Loss;25-anonymity;RGR;0.3;0.4;0.05;25.0;30162.0;9.0;0.2574347459132149;2684.4;12.0;3.9785160135269546E-4;0.008079569698173798;0.008019261959081148
Adult;Loss;25-anonymity;RGR;0.3;0.45;0.05;25.0;30162.0;9.0;0.3071826111064626;2725.4;9.0;2.9838870101452157E-4;0.008136445756192583;0.00809368967050686
Adult;Loss;25-anonymity;RGR;0.3;0.5;0.05;25.0;30162.0;9.0;0.3071217658536429;2720.6;9.0;2.9838870101452157E-4;0.00816600232263689;0.008123258323116425
Adult;Loss;25-anonymity;RGR;0.999;0.0;0.05;25.0;30162.0;9.0;0.13469311236456794;56947.0;34.0;0.0011272462038326371;0.02737164565628233;0.027106042460612968
Adult;Loss;25-anonymity;RGR;0.999;0.05;0.05;25.0;30162.0;9.0;0.13563206120877727;192597.8;28.0;9.283204031562893E-4;0.025176089517235205;0.024958006070707448
Adult;Loss;25-anonymity;RGR;0.999;0.1;0.05;25.0;30162.0;9.0;0.16171891927876353;262955.6;16.0;5.304688018035939E-4;0.015666846187712205;0.015551024863414926
Adult;Loss;25-anonymity;RGR;0.999;0.15;0.05;25.0;30162.0;9.0;0.19308706720225147;26202.8;10.0;3.315430011272462E-4;0.01323973358253699;0.013175009297163406
Adult;Loss;25-anonymity;RGR;0.999;0.2;0.05;25.0;30162.0;9.0;0.22021884937425146;9354.4;0.0;0.0;0.01006407401824383;0.01006407401824383
Adult;Loss;25-anonymity;RGR;0.999;0.25;0.05;25.0;30162.0;9.0;0.22128563684930339;9046.4;9.0;2.9838870101452157E-4;0.010210523724246558;0.010157000032351267
Adult;Loss;25-anonymity;RGR;0.999;0.3;0.05;25.0;30162.0;9.0;0.23074549643147688;9040.4;5.0;1.657715005636231E-4;0.011009792472327588;0.010981308016029884
Adult;Loss;25-anonymity;RGR;0.999;0.35;0.05;25.0;30162.0;9.0;0.2309504368474841;9438.8;27.0;8.951661030435648E-4;0.011041009363887945;0.010887084038094824
Adult;Loss;25-anonymity;RGR;0.999;0.4;0.05;25.0;30162.0;9.0;0.25731509877631004;8795.4;22.0;7.293946024799417E-4;0.008050284524053878;0.007939580779820274
Adult;Loss;25-anonymity;RGR;0.999;0.45;0.05;25.0;30162.0;9.0;0.3071826111064626;8021.2;9.0;2.9838870101452157E-4;0.008136445756192583;0.00809368967050686
Adult;Loss;25-anonymity;RGR;0.999;0.5;0.05;25.0;30162.0;9.0;0.3071217658536429;7922.8;9.0;2.9838870101452157E-4;0.00816600232263689;0.008123258323116425
Cup;Loss;25-anonymity;RGR;0.05;0.0;0.05;25.0;63441.0;8.0;0.20630625150559406;7969.4;4.0;6.305070853233713E-5;0.003143746883270927;0.003129904023066871
Cup;Loss;25-anonymity;RGR;0.05;0.05;0.05;25.0;63441.0;8.0;0.20630625150559406;7611.4;4.0;6.305070853233713E-5;0.003143746883270927;0.003129904023066871
Cup;Loss;25-anonymity;RGR;0.05;0.1;0.05;25.0;63441.0;8.0;0.20630625150559406;7922.4;4.0;6.305070853233713E-5;0.003143746883270927;0.003129904023066871
Cup;Loss;25-anonymity;RGR;0.05;0.15;0.05;25.0;63441.0;8.0;0.20630625150559406;7980.8;4.0;6.305070853233713E-5;0.003143746883270927;0.003129904023066871
Cup;Loss;25-anonymity;RGR;0.05;0.2;0.05;25.0;63441.0;8.0;0.20630625150559406;8052.0;4.0;6.305070853233713E-5;0.003143746883270927;0.003129904023066871
Cup;Loss;25-anonymity;RGR;0.05;0.25;0.05;25.0;63441.0;8.0;0.20630625150559406;7543.8;4.0;6.305070853233713E-5;0.003143746883270927;0.003129904023066871
Cup;Loss;25-anonymity;RGR;0.05;0.3;0.05;25.0;63441.0;8.0;0.20630625150559406;7736.6;4.0;6.305070853233713E-5;0.003143746883270927;0.003129904023066871
Cup;Loss;25-anonymity;RGR;0.05;0.35;0.05;25.0;63441.0;8.0;0.20630625150559406;7869.6;4.0;6.305070853233713E-5;0.003143746883270927;0.003129904023066871
Cup;Loss;25-anonymity;RGR;0.05;0.4;0.05;25.0;63441.0;8.0;0.20630625150559406;7971.2;4.0;6.305070853233713E-5;0.003143746883270927;0.003129904023066871
Cup;Loss;25-anonymity;RGR;0.05;0.45;0.05;25.0;63441.0;8.0;0.20630625150559406;8084.6;4.0;6.305070853233713E-5;0.003143746883270927;0.003129904023066871
Cup;Loss;25-anonymity;RGR;0.05;0.5;0.05;25.0;63441.0;8.0;0.20630625150559406;7823.4;4.0;6.305070853233713E-5;0.003143746883270927;0.003129904023066871
Cup;Loss;25-anonymity;RGR;0.1;0.0;0.05;25.0;63441.0;8.0;0.1715167800210165;7881.2;23.0;3.625415740609385E-4;0.002346623704724484;0.002278613656863882
Cup;Loss;25-anonymity;RGR;0.1;0.05;0.05;25.0;63441.0;8.0;0.1715167800210165;8098.8;23.0;3.625415740609385E-4;0.002346623704724484;0.002278613656863882
Cup;Loss;25-anonymity;RGR;0.1;0.1;0.05;25.0;63441.0;8.0;0.1715167800210165;8231.6;23.0;3.625415740609385E-4;0.002346623704724484;0.002278613656863882
Cup;Loss;25-anonymity;RGR;0.1;0.15;0.05;25.0;63441.0;8.0;0.1715167800210165;8758.2;23.0;3.625415740609385E-4;0.002346623704724484;0.002278613656863882
Cup;Loss;25-anonymity;RGR;0.1;0.2;0.05;25.0;63441.0;8.0;0.1715167800210165;8576.2;23.0;3.625415740609385E-4;0.002346623704724484;0.002278613656863882
Cup;Loss;25-anonymity;RGR;0.1;0.25;0.05;25.0;63441.0;8.0;0.1715167800210165;8410.0;23.0;3.625415740609385E-4;0.002346623704724484;0.002278613656863882
Cup;Loss;25-anonymity;RGR;0.1;0.3;0.05;25.0;63441.0;8.0;0.1715167800210165;8204.0;23.0;3.625415740609385E-4;0.002346623704724484;0.002278613656863882
Cup;Loss;25-anonymity;RGR;0.1;0.35;0.05;25.0;63441.0;8.0;0.1715167800210165;8444.6;23.0;3.625415740609385E-4;0.002346623704724484;0.002278613656863882
Cup;Loss;25-anonymity;RGR;0.1;0.4;0.05;25.0;63441.0;8.0;0.1715167800210165;8550.6;23.0;3.625415740609385E-4;0.002346623704724484;0.002278613656863882
Cup;Loss;25-anonymity;RGR;0.1;0.45;0.05;25.0;63441.0;8.0;0.1715167800210165;8550.4;23.0;3.625415740609385E-4;0.002346623704724484;0.002278613656863882
Cup;Loss;25-anonymity;RGR;0.1;0.5;0.05;25.0;63441.0;8.0;0.1715167800210165;8531.2;23.0;3.625415740609385E-4;0.002346623704724484;0.002278613656863882
Cup;Loss;25-anonymity;RGR;0.2;0.0;0.05;25.0;63441.0;8.0;0.15809699473066843;9151.6;12.0;1.891521255970114E-4;0.009849502649825679;0.009813074248945994
Cup;Loss;25-anonymity;RGR;0.2;0.05;0.05;25.0;63441.0;8.0;0.15809699473066843;9131.2;12.0;1.891521255970114E-4;0.009849502649825679;0.009813074248945994
Cup;Loss;25-anonymity;RGR;0.2;0.1;0.05;25.0;63441.0;8.0;0.15809699473066843;9375.0;12.0;1.891521255970114E-4;0.009849502649825679;0.009813074248945994
Cup;Loss;25-anonymity;RGR;0.2;0.15;0.05;25.0;63441.0;8.0;0.17132212461952542;8099.2;5.0;7.881338566542141E-5;0.0021760213818814477;0.002161203901073442
Cup;Loss;25-anonymity;RGR;0.2;0.2;0.05;25.0;63441.0;8.0;0.17132212461952542;8144.4;5.0;7.881338566542141E-5;0.0021760213818814477;0.002161203901073442
Cup;Loss;25-anonymity;RGR;0.2;0.25;0.05;25.0;63441.0;8.0;0.17132212461952542;8097.2;5.0;7.881338566542141E-5;0.0021760213818814477;0.002161203901073442
Cup;Loss;25-anonymity;RGR;0.2;0.3;0.05;25.0;63441.0;8.0;0.17132212461952542;8194.4;5.0;7.881338566542141E-5;0.0021760213818814477;0.002161203901073442
Cup;Loss;25-anonymity;RGR;0.2;0.35;0.05;25.0;63441.0;8.0;0.17132212461952542;8449.0;5.0;7.881338566542141E-5;0.0021760213818814477;0.002161203901073442
Cup;Loss;25-anonymity;RGR;0.2;0.4;0.05;25.0;63441.0;8.0;0.17132212461952542;7971.6;5.0;7.881338566542141E-5;0.0021760213818814477;0.002161203901073442
Cup;Loss;25-anonymity;RGR;0.2;0.45;0.05;25.0;63441.0;8.0;0.17132212461952542;8062.2;5.0;7.881338566542141E-5;0.0021760213818814477;0.002161203901073442
Cup;Loss;25-anonymity;RGR;0.2;0.5;0.05;25.0;63441.0;8.0;0.17132212461952542;8287.6;5.0;7.881338566542141E-5;0.0021760213818814477;0.002161203901073442
Cup;Loss;25-anonymity;RGR;0.3;0.0;0.05;25.0;63441.0;8.0;0.1335735865978833;10233.8;24.0;3.783042511940228E-4;0.00726834969187608;0.007183166150785235
Cup;Loss;25-anonymity;RGR;0.3;0.05;0.05;25.0;63441.0;8.0;0.1335735865978833;10398.2;24.0;3.783042511940228E-4;0.00726834969187608;0.007183166150785235
Cup;Loss;25-anonymity;RGR;0.3;0.1;0.05;25.0;63441.0;8.0;0.14339529682545793;9449.4;24.0;3.783042511940228E-4;0.009436130923363989;0.009358591261226354
Cup;Loss;25-anonymity;RGR;0.3;0.15;0.05;25.0;63441.0;8.0;0.14339529682545793;10018.6;24.0;3.783042511940228E-4;0.009436130923363989;0.009358591261226354
Cup;Loss;25-anonymity;RGR;0.3;0.2;0.05;25.0;63441.0;8.0;0.17123403400460382;8813.0;12.0;1.891521255970114E-4;0.0021698753814327764;0.002134292389129284
Cup;Loss;25-anonymity;RGR;0.3;0.25;0.05;25.0;63441.0;8.0;0.17123403400460382;8360.2;12.0;1.891521255970114E-4;0.0021698753814327764;0.002134292389129284
Cup;Loss;25-anonymity;RGR;0.3;0.3;0.05;25.0;63441.0;8.0;0.1712784392813113;8846.8;12.0;1.891521255970114E-4;0.002173829477532872;0.002138259216651476
Cup;Loss;25-anonymity;RGR;0.3;0.35;0.05;25.0;63441.0;8.0;0.1712784392813113;9058.4;12.0;1.891521255970114E-4;0.002173829477532872;0.002138259216651476
Cup;Loss;25-anonymity;RGR;0.3;0.4;0.05;25.0;63441.0;8.0;0.1712784392813113;9001.0;12.0;1.891521255970114E-4;0.002173829477532872;0.002138259216651476
Cup;Loss;25-anonymity;RGR;0.3;0.45;0.05;25.0;63441.0;8.0;0.1712784392813113;8994.6;12.0;1.891521255970114E-4;0.002173829477532872;0.002138259216651476
Cup;Loss;25-anonymity;RGR;0.3;0.5;0.05;25.0;63441.0;8.0;0.1712784392813113;8938.2;12.0;1.891521255970114E-4;0.002173829477532872;0.002138259216651476
Cup;Loss;25-anonymity;RGR;0.999;0.0;0.05;25.0;63441.0;8.0;0.11679933770794534;174719.2;21.0;3.3101621979476995E-4;0.011426967743079573;0.011348278970573696
Cup;Loss;25-anonymity;RGR;0.999;0.05;0.05;25.0;63441.0;8.0;0.1291496676442239;50503.6;12.0;1.891521255970114E-4;0.0063039368050728335;0.006260679324158346
Cup;Loss;25-anonymity;RGR;0.999;0.1;0.05;25.0;63441.0;8.0;0.13557626114313157;27172.6;11.0;1.733894484639271E-4;0.004001394062987286;0.003963661721901082
Cup;Loss;25-anonymity;RGR;0.999;0.15;0.05;25.0;63441.0;8.0;0.1431856125264448;25829.0;23.0;3.625415740609385E-4;0.009494731854471363;0.009420413111400135
Cup;Loss;25-anonymity;RGR;0.999;0.2;0.05;25.0;63441.0;8.0;0.17119927128327486;24981.2;5.0;7.881338566542141E-5;0.00215019679977513;0.0021353699428583255
Cup;Loss;25-anonymity;RGR;0.999;0.25;0.05;25.0;63441.0;8.0;0.17119927128327486;26471.2;5.0;7.881338566542141E-5;0.00215019679977513;0.0021353699428583255
Cup;Loss;25-anonymity;RGR;0.999;0.3;0.05;25.0;63441.0;8.0;0.17126073849044327;27590.8;3.0;4.728803139925285E-5;0.0021656434602421648;0.002156751897170191
Cup;Loss;25-anonymity;RGR;0.999;0.35;0.05;25.0;63441.0;8.0;0.17126073849044327;28998.2;3.0;4.728803139925285E-5;0.0021656434602421648;0.002156751897170191
Cup;Loss;25-anonymity;RGR;0.999;0.4;0.05;25.0;63441.0;8.0;0.17126073849044327;30373.2;3.0;4.728803139925285E-5;0.0021656434602421648;0.002156751897170191
Cup;Loss;25-anonymity;RGR;0.999;0.45;0.05;25.0;63441.0;8.0;0.17126073849044327;31945.8;3.0;4.728803139925285E-5;0.0021656434602421648;0.002156751897170191
Cup;Loss;25-anonymity;RGR;0.999;0.5;0.05;25.0;63441.0;8.0;0.1712784392813113;32450.8;12.0;1.891521255970114E-4;0.002173829477532872;0.002138259216651476
Adult;Loss;50-anonymity;RGR;0.05;0.0;0.05;50.0;30162.0;9.0;0.48388967303081254;770.2;14.0;4.6416020157814467E-4;0.002184043849752555;0.0021337242463213162
Adult;Loss;50-anonymity;RGR;0.05;0.05;0.05;50.0;30162.0;9.0;0.48388967303081254;743.0;14.0;4.6416020157814467E-4;0.002184043849752555;0.0021337242463213162
Adult;Loss;50-anonymity;RGR;0.05;0.1;0.05;50.0;30162.0;9.0;0.48388967303081254;739.8;14.0;4.6416020157814467E-4;0.002184043849752555;0.0021337242463213162
Adult;Loss;50-anonymity;RGR;0.05;0.15;0.05;50.0;30162.0;9.0;0.48388967303081254;771.8;14.0;4.6416020157814467E-4;0.002184043849752555;0.0021337242463213162
Adult;Loss;50-anonymity;RGR;0.05;0.2;0.05;50.0;30162.0;9.0;0.48388967303081254;752.8;14.0;4.6416020157814467E-4;0.002184043849752555;0.0021337242463213162
Adult;Loss;50-anonymity;RGR;0.05;0.25;0.05;50.0;30162.0;9.0;0.48388967303081254;747.8;14.0;4.6416020157814467E-4;0.002184043849752555;0.0021337242463213162
Adult;Loss;50-anonymity;RGR;0.05;0.3;0.05;50.0;30162.0;9.0;0.48501874077061746;727.2;0.0;0.0;0.0032817434885727323;0.0032817434885727323
Adult;Loss;50-anonymity;RGR;0.05;0.35;0.05;50.0;30162.0;9.0;0.48501874077061746;701.2;0.0;0.0;0.0032817434885727323;0.0032817434885727323
Adult;Loss;50-anonymity;RGR;0.05;0.4;0.05;50.0;30162.0;9.0;0.48501874077061746;703.2;0.0;0.0;0.0032817434885727323;0.0032817434885727323
Adult;Loss;50-anonymity;RGR;0.05;0.45;0.05;50.0;30162.0;9.0;0.4953344544125976;693.8;0.0;0.0;0.0026615545715765153;0.0026615545715765153
Adult;Loss;50-anonymity;RGR;0.05;0.5;0.05;50.0;30162.0;9.0;0.4953344544125976;716.0;0.0;0.0;0.0026615545715765153;0.0026615545715765153
Adult;Loss;50-anonymity;RGR;0.1;0.0;0.05;50.0;30162.0;9.0;0.4133312323086077;1079.6;0.0;0.0;0.005511091432288123;0.005511091432288123
Adult;Loss;50-anonymity;RGR;0.1;0.05;0.05;50.0;30162.0;9.0;0.4133312323086077;1084.8;0.0;0.0;0.005511091432288123;0.005511091432288123
Adult;Loss;50-anonymity;RGR;0.1;0.1;0.05;50.0;30162.0;9.0;0.4133312323086077;1098.2;0.0;0.0;0.005511091432288123;0.005511091432288123
Adult;Loss;50-anonymity;RGR;0.1;0.15;0.05;50.0;30162.0;9.0;0.4133312323086077;1086.0;0.0;0.0;0.005511091432288123;0.005511091432288123
Adult;Loss;50-anonymity;RGR;0.1;0.2;0.05;50.0;30162.0;9.0;0.4133312323086077;1038.2;0.0;0.0;0.005511091432288123;0.005511091432288123
Adult;Loss;50-anonymity;RGR;0.1;0.25;0.05;50.0;30162.0;9.0;0.4133312323086077;1029.4;0.0;0.0;0.005511091432288123;0.005511091432288123
Adult;Loss;50-anonymity;RGR;0.1;0.3;0.05;50.0;30162.0;9.0;0.4133312323086077;1030.2;0.0;0.0;0.005511091432288123;0.005511091432288123
Adult;Loss;50-anonymity;RGR;0.1;0.35;0.05;50.0;30162.0;9.0;0.4133312323086077;1047.4;0.0;0.0;0.005511091432288123;0.005511091432288123
Adult;Loss;50-anonymity;RGR;0.1;0.4;0.05;50.0;30162.0;9.0;0.4133312323086077;1054.0;0.0;0.0;0.005511091432288123;0.005511091432288123
Adult;Loss;50-anonymity;RGR;0.1;0.45;0.05;50.0;30162.0;9.0;0.4133312323086077;1013.6;0.0;0.0;0.005511091432288123;0.005511091432288123
Adult;Loss;50-anonymity;RGR;0.1;0.5;0.05;50.0;30162.0;9.0;0.4133312323086077;1048.0;0.0;0.0;0.005511091432288123;0.005511091432288123
Adult;Loss;50-anonymity;RGR;0.2;0.0;0.05;50.0;30162.0;9.0;0.3273867183765049;1335.0;72.0;0.0023871096081161725;0.011003198684748219;0.010683061704306732
Adult;Loss;50-anonymity;RGR;0.2;0.05;0.05;50.0;30162.0;9.0;0.3273867183765049;1409.8;72.0;0.0023871096081161725;0.011003198684748219;0.010683061704306732
Adult;Loss;50-anonymity;RGR;0.2;0.1;0.05;50.0;30162.0;9.0;0.3273867183765049;1411.4;72.0;0.0023871096081161725;0.011003198684748219;0.010683061704306732
Adult;Loss;50-anonymity;RGR;0.2;0.15;0.05;50.0;30162.0;9.0;0.3273867183765049;1555.6;72.0;0.0023871096081161725;0.011003198684748219;0.010683061704306732
Adult;Loss;50-anonymity;RGR;0.2;0.2;0.05;50.0;30162.0;9.0;0.32762793535917445;1541.4;14.0;4.6416020157814467E-4;0.010652815012129547;0.010590341119371592
Adult;Loss;50-anonymity;RGR;0.2;0.25;0.05;50.0;30162.0;9.0;0.32762793535917445;1603.2;14.0;4.6416020157814467E-4;0.010652815012129547;0.010590341119371592
Adult;Loss;50-anonymity;RGR;0.2;0.3;0.05;50.0;30162.0;9.0;0.32762793535917445;1622.4;14.0;4.6416020157814467E-4;0.010652815012129547;0.010590341119371592
Adult;Loss;50-anonymity;RGR;0.2;0.35;0.05;50.0;30162.0;9.0;0.3246565115961551;1649.0;14.0;4.6416020157814467E-4;0.006689561754185474;0.00662265726753324
Adult;Loss;50-anonymity;RGR;0.2;0.4;0.05;50.0;30162.0;9.0;0.3246565115961551;1687.2;14.0;4.6416020157814467E-4;0.006689561754185474;0.00662265726753324
Adult;Loss;50-anonymity;RGR;0.2;0.45;0.05;50.0;30162.0;9.0;0.3246565115961551;1676.6;14.0;4.6416020157814467E-4;0.006689561754185474;0.00662265726753324
Adult;Loss;50-anonymity;RGR;0.2;0.5;0.05;50.0;30162.0;9.0;0.3326394027991784;1686.4;14.0;4.6416020157814467E-4;0.009428602086317205;0.009364143193361934
Adult;Loss;50-anonymity;RGR;0.3;0.0;0.05;50.0;30162.0;9.0;0.28565582185951827;1453.0;49.0;0.0016245607055235063;0.016267487941235417;0.0159918892574386
Adult;Loss;50-anonymity;RGR;0.3;0.05;0.05;50.0;30162.0;9.0;0.28597028763681404;1589.8;33.0;0.0010940919037199124;0.01625600907894749;0.01607064355061228
Adult;Loss;50-anonymity;RGR;0.3;0.1;0.05;50.0;30162.0;9.0;0.28597028763681404;1727.6;33.0;0.0010940919037199124;0.01625600907894749;0.01607064355061228
Adult;Loss;50-anonymity;RGR;0.3;0.15;0.05;50.0;30162.0;9.0;0.2762521459508347;1887.0;15.0;4.973145016908693E-4;0.009829399015052356;0.009757452025007813
Adult;Loss;50-anonymity;RGR;0.3;0.2;0.05;50.0;30162.0;9.0;0.2762521459508347;1967.6;15.0;4.973145016908693E-4;0.009829399015052356;0.009757452025007813
Adult;Loss;50-anonymity;RGR;0.3;0.25;0.05;50.0;30162.0;9.0;0.29316503180609144;2009.2;31.0;0.0010277833034944633;0.008722388671758253;0.008550071518409178
Adult;Loss;50-anonymity;RGR;0.3;0.3;0.05;50.0;30162.0;9.0;0.29316503180609144;2090.0;31.0;0.0010277833034944633;0.008722388671758253;0.008550071518409178
Adult;Loss;50-anonymity;RGR;0.3;0.35;0.05;50.0;30162.0;9.0;0.29316503180609144;2161.8;31.0;0.0010277833034944633;0.008722388671758253;0.008550071518409178
Adult;Loss;50-anonymity;RGR;0.3;0.4;0.05;50.0;30162.0;9.0;0.29316503180609144;2325.8;31.0;0.0010277833034944633;0.008722388671758253;0.008550071518409178
Adult;Loss;50-anonymity;RGR;0.3;0.45;0.05;50.0;30162.0;9.0;0.3246565115961551;2227.6;14.0;4.6416020157814467E-4;0.006689561754185474;0.00662265726753324
Adult;Loss;50-anonymity;RGR;0.3;0.5;0.05;50.0;30162.0;9.0;0.3326394027991784;2280.2;14.0;4.6416020157814467E-4;0.009428602086317205;0.009364143193361934
Adult;Loss;50-anonymity;RGR;0.999;0.0;0.05;50.0;30162.0;9.0;0.17498393200644755;53338.6;24.0;7.957032027053909E-4;0.030449209310225267;0.030282987712441287
Adult;Loss;50-anonymity;RGR;0.999;0.05;0.05;50.0;30162.0;9.0;0.17483310912407923;151541.0;44.0;0.0014587892049598833;0.029222889926448576;0.02891770327218495
Adult;Loss;50-anonymity;RGR;0.999;0.1;0.05;50.0;30162.0;9.0;0.1919874471525134;180858.2;30.0;9.946290033817386E-4;0.019554091665680576;0.019353561197194613
Adult;Loss;50-anonymity;RGR;0.999;0.15;0.05;50.0;30162.0;9.0;0.22439796546376728;21639.2;12.0;3.9785160135269546E-4;0.015854937096578654;0.01578029616944973
Adult;Loss;50-anonymity;RGR;0.999;0.2;0.05;50.0;30162.0;9.0;0.2492871649368035;9434.6;30.0;9.946290033817386E-4;0.011516935275246783;0.011347162987071386
Adult;Loss;50-anonymity;RGR;0.999;0.25;0.05;50.0;30162.0;9.0;0.26505502244690965;9467.0;9.0;2.9838870101452157E-4;0.014916271693814383;0.014867952100780589
Adult;Loss;50-anonymity;RGR;0.999;0.3;0.05;50.0;30162.0;9.0;0.2929761006556735;8159.6;53.0;0.0017571779059744048;0.0087019271399616;0.00840673417122392
Adult;Loss;50-anonymity;RGR;0.999;0.35;0.05;50.0;30162.0;9.0;0.2929761006556735;8508.0;53.0;0.0017571779059744048;0.0087019271399616;0.00840673417122392
Adult;Loss;50-anonymity;RGR;0.999;0.4;0.05;50.0;30162.0;9.0;0.2929761006556735;8642.8;53.0;0.0017571779059744048;0.0087019271399616;0.00840673417122392
Adult;Loss;50-anonymity;RGR;0.999;0.45;0.05;50.0;30162.0;9.0;0.3246565115961551;8044.6;14.0;4.6416020157814467E-4;0.006689561754185474;0.00662265726753324
Adult;Loss;50-anonymity;RGR;0.999;0.5;0.05;50.0;30162.0;9.0;0.3326394027991784;7895.4;14.0;4.6416020157814467E-4;0.009428602086317205;0.009364143193361934
Cup;Loss;50-anonymity;RGR;0.05;0.0;0.05;50.0;63441.0;8.0;0.24645669624058558;6538.8;4.0;6.305070853233713E-5;0.0014261117533526833;0.0014144564561185773
Cup;Loss;50-anonymity;RGR;0.05;0.05;0.05;50.0;63441.0;8.0;0.24645669624058558;6593.8;4.0;6.305070853233713E-5;0.0014261117533526833;0.0014144564561185773
Cup;Loss;50-anonymity;RGR;0.05;0.1;0.05;50.0;63441.0;8.0;0.24645669624058558;6883.2;4.0;6.305070853233713E-5;0.0014261117533526833;0.0014144564561185773
Cup;Loss;50-anonymity;RGR;0.05;0.15;0.05;50.0;63441.0;8.0;0.24645669624058558;6794.2;4.0;6.305070853233713E-5;0.0014261117533526833;0.0014144564561185773
Cup;Loss;50-anonymity;RGR;0.05;0.2;0.05;50.0;63441.0;8.0;0.24645669624058558;6792.0;4.0;6.305070853233713E-5;0.0014261117533526833;0.0014144564561185773
Cup;Loss;50-anonymity;RGR;0.05;0.25;0.05;50.0;63441.0;8.0;0.24645669624058558;6630.2;4.0;6.305070853233713E-5;0.0014261117533526833;0.0014144564561185773
Cup;Loss;50-anonymity;RGR;0.05;0.3;0.05;50.0;63441.0;8.0;0.24645669624058558;6620.6;4.0;6.305070853233713E-5;0.0014261117533526833;0.0014144564561185773
Cup;Loss;50-anonymity;RGR;0.05;0.35;0.05;50.0;63441.0;8.0;0.24645669624058558;6475.8;4.0;6.305070853233713E-5;0.0014261117533526833;0.0014144564561185773
Cup;Loss;50-anonymity;RGR;0.05;0.4;0.05;50.0;63441.0;8.0;0.24645669624058558;6792.0;4.0;6.305070853233713E-5;0.0014261117533526833;0.0014144564561185773
Cup;Loss;50-anonymity;RGR;0.05;0.45;0.05;50.0;63441.0;8.0;0.24645669624058558;6921.8;4.0;6.305070853233713E-5;0.0014261117533526833;0.0014144564561185773
Cup;Loss;50-anonymity;RGR;0.05;0.5;0.05;50.0;63441.0;8.0;0.24645669624058558;6279.2;4.0;6.305070853233713E-5;0.0014261117533526833;0.0014144564561185773
Cup;Loss;50-anonymity;RGR;0.1;0.0;0.05;50.0;63441.0;8.0;0.21955691635963182;8489.8;26.0;4.098296054601914E-4;0.005604646098563472;0.005518007060228569
Cup;Loss;50-anonymity;RGR;0.1;0.05;0.05;50.0;63441.0;8.0;0.21955691635963182;8275.8;26.0;4.098296054601914E-4;0.005604646098563472;0.005518007060228569
Cup;Loss;50-anonymity;RGR;0.1;0.1;0.05;50.0;63441.0;8.0;0.21955691635963182;8028.2;26.0;4.098296054601914E-4;0.005604646098563472;0.005518007060228569
Cup;Loss;50-anonymity;RGR;0.1;0.15;0.05;50.0;63441.0;8.0;0.21955691635963182;8360.4;26.0;4.098296054601914E-4;0.005604646098563472;0.005518007060228569
Cup;Loss;50-anonymity;RGR;0.1;0.2;0.05;50.0;63441.0;8.0;0.21955691635963182;8527.8;26.0;4.098296054601914E-4;0.005604646098563472;0.005518007060228569
Cup;Loss;50-anonymity;RGR;0.1;0.25;0.05;50.0;63441.0;8.0;0.21955691635963182;8268.0;26.0;4.098296054601914E-4;0.005604646098563472;0.005518007060228569
Cup;Loss;50-anonymity;RGR;0.1;0.3;0.05;50.0;63441.0;8.0;0.21955691635963182;8020.4;26.0;4.098296054601914E-4;0.005604646098563472;0.005518007060228569
Cup;Loss;50-anonymity;RGR;0.1;0.35;0.05;50.0;63441.0;8.0;0.21955691635963182;8053.6;26.0;4.098296054601914E-4;0.005604646098563472;0.005518007060228569
Cup;Loss;50-anonymity;RGR;0.1;0.4;0.05;50.0;63441.0;8.0;0.219393000251435;7867.8;28.0;4.4135495972635994E-4;0.005667481686147791;0.005592750298738568
Cup;Loss;50-anonymity;RGR;0.1;0.45;0.05;50.0;63441.0;8.0;0.219393000251435;7606.8;28.0;4.4135495972635994E-4;0.005667481686147791;0.005592750298738568
Cup;Loss;50-anonymity;RGR;0.1;0.5;0.05;50.0;63441.0;8.0;0.219393000251435;7598.6;28.0;4.4135495972635994E-4;0.005667481686147791;0.005592750298738568
Cup;Loss;50-anonymity;RGR;0.2;0.0;0.05;50.0;63441.0;8.0;0.17379501149049936;9347.2;12.0;1.891521255970114E-4;0.0036296517982077215;0.00359108099536787
Cup;Loss;50-anonymity;RGR;0.2;0.05;0.05;50.0;63441.0;8.0;0.17379501149049936;9534.4;12.0;1.891521255970114E-4;0.0036296517982077215;0.00359108099536787
Cup;Loss;50-anonymity;RGR;0.2;0.1;0.05;50.0;63441.0;8.0;0.18108093007422207;8978.2;40.0;6.305070853233713E-4;0.0032848667815610633;0.0031690537871841167
Cup;Loss;50-anonymity;RGR;0.2;0.15;0.05;50.0;63441.0;8.0;0.18108093007422207;8876.6;40.0;6.305070853233713E-4;0.0032848667815610633;0.0031690537871841167
Cup;Loss;50-anonymity;RGR;0.2;0.2;0.05;50.0;63441.0;8.0;0.18108093007422207;8540.8;40.0;6.305070853233713E-4;0.0032848667815610633;0.0031690537871841167
Cup;Loss;50-anonymity;RGR;0.2;0.25;0.05;50.0;63441.0;8.0;0.18108093007422207;8114.8;40.0;6.305070853233713E-4;0.0032848667815610633;0.0031690537871841167
Cup;Loss;50-anonymity;RGR;0.2;0.3;0.05;50.0;63441.0;8.0;0.18925640915008501;8284.6;11.0;1.733894484639271E-4;0.006126575930763764;0.006095367203948112
Cup;Loss;50-anonymity;RGR;0.2;0.35;0.05;50.0;63441.0;8.0;0.18925640915008501;8666.4;11.0;1.733894484639271E-4;0.006126575930763764;0.006095367203948112
Cup;Loss;50-anonymity;RGR;0.2;0.4;0.05;50.0;63441.0;8.0;0.18977894606665252;8656.4;26.0;4.098296054601914E-4;0.004173523737101231;0.004099192378544727
Cup;Loss;50-anonymity;RGR;0.2;0.45;0.05;50.0;63441.0;8.0;0.219393000251435;8177.2;28.0;4.4135495972635994E-4;0.005667481686147791;0.005592750298738568
Cup;Loss;50-anonymity;RGR;0.2;0.5;0.05;50.0;63441.0;8.0;0.219393000251435;8081.2;28.0;4.4135495972635994E-4;0.005667481686147791;0.005592750298738568
Cup;Loss;50-anonymity;RGR;0.3;0.0;0.05;50.0;63441.0;8.0;0.1771197753363414;9854.6;37.0;5.832190539241185E-4;0.004947598880411864;0.004834659639037164
Cup;Loss;50-anonymity;RGR;0.3;0.05;0.05;50.0;63441.0;8.0;0.17316267482214684;9509.6;39.0;6.14744408190287E-4;0.0034879421850454347;0.0033618905940529503
Cup;Loss;50-anonymity;RGR;0.3;0.1;0.05;50.0;63441.0;8.0;0.17988304750813242;8810.8;23.0;3.625415740609385E-4;0.0034228142775422177;0.0033556561361160996
Cup;Loss;50-anonymity;RGR;0.3;0.15;0.05;50.0;63441.0;8.0;0.17988304750813242;8929.2;23.0;3.625415740609385E-4;0.0034228142775422177;0.0033556561361160996
Cup;Loss;50-anonymity;RGR;0.3;0.2;0.05;50.0;63441.0;8.0;0.17999107613571907;8977.8;43.0;6.777951167226242E-4;0.002931770975601904;0.0028057272174691196
Cup;Loss;50-anonymity;RGR;0.3;0.25;0.05;50.0;63441.0;8.0;0.17999107613571907;8708.0;43.0;6.777951167226242E-4;0.002931770975601904;0.0028057272174691196
Cup;Loss;50-anonymity;RGR;0.3;0.3;0.05;50.0;63441.0;8.0;0.18864330370614585;8441.2;42.0;6.620324395895399E-4;0.006040124272551974;0.005920273565128481
Cup;Loss;50-anonymity;RGR;0.3;0.35;0.05;50.0;63441.0;8.0;0.18864330370614585;8496.2;42.0;6.620324395895399E-4;0.006040124272551974;0.005920273565128481
Cup;Loss;50-anonymity;RGR;0.3;0.4;0.05;50.0;63441.0;8.0;0.18977894606665252;8942.8;26.0;4.098296054601914E-4;0.004173523737101231;0.004099192378544727
Cup;Loss;50-anonymity;RGR;0.3;0.45;0.05;50.0;63441.0;8.0;0.219393000251435;8576.2;28.0;4.4135495972635994E-4;0.005667481686147791;0.005592750298738568
Cup;Loss;50-anonymity;RGR;0.3;0.5;0.05;50.0;63441.0;8.0;0.219393000251435;8804.8;28.0;4.4135495972635994E-4;0.005667481686147791;0.005592750298738568
Cup;Loss;50-anonymity;RGR;0.999;0.0;0.05;50.0;63441.0;8.0;0.14190869679251947;180986.8;22.0;3.467788969278542E-4;0.012661076498282313;0.012585881429009743
Cup;Loss;50-anonymity;RGR;0.999;0.05;0.05;50.0;63441.0;8.0;0.14941025427026197;45917.2;11.0;1.733894484639271E-4;0.008722120563351555;0.008685603048090114
Cup;Loss;50-anonymity;RGR;0.999;0.1;0.05;50.0;63441.0;8.0;0.1766165815714524;24629.4;34.0;5.359310225248657E-4;0.002464262916705729;0.0023635728178798784
Cup;Loss;50-anonymity;RGR;0.999;0.15;0.05;50.0;63441.0;8.0;0.17801096739459293;21832.6;11.0;1.733894484639271E-4;0.002402293347938563;0.0023698152782870184
Cup;Loss;50-anonymity;RGR;0.999;0.2;0.05;50.0;63441.0;8.0;0.17999107613571907;22066.8;43.0;6.777951167226242E-4;0.002931770975601904;0.0028057272174691196
Cup;Loss;50-anonymity;RGR;0.999;0.25;0.05;50.0;63441.0;8.0;0.17999107613571907;24020.0;43.0;6.777951167226242E-4;0.002931770975601904;0.0028057272174691196
Cup;Loss;50-anonymity;RGR;0.999;0.3;0.05;50.0;63441.0;8.0;0.18864330370614585;25637.4;42.0;6.620324395895399E-4;0.006040124272551974;0.005920273565128481
Cup;Loss;50-anonymity;RGR;0.999;0.35;0.05;50.0;63441.0;8.0;0.18864330370614585;26711.8;42.0;6.620324395895399E-4;0.006040124272551974;0.005920273565128481
Cup;Loss;50-anonymity;RGR;0.999;0.4;0.05;50.0;63441.0;8.0;0.18977894606665252;27579.0;26.0;4.098296054601914E-4;0.004173523737101231;0.004099192378544727
Cup;Loss;50-anonymity;RGR;0.999;0.45;0.05;50.0;63441.0;8.0;0.219393000251435;27185.0;28.0;4.4135495972635994E-4;0.005667481686147791;0.005592750298738568
Cup;Loss;50-anonymity;RGR;0.999;0.5;0.05;50.0;63441.0;8.0;0.219393000251435;27607.2;28.0;4.4135495972635994E-4;0.005667481686147791;0.005592750298738568
