1900;1900-1904;1900-1909;1900-1919;1900-1939;*
1901;1900-1904;1900-1909;1900-1919;1900-1939;*
1902;1900-1904;1900-1909;1900-1919;1900-1939;*
1903;1900-1904;1900-1909;1900-1919;1900-1939;*
1904;1900-1904;1900-1909;1900-1919;1900-1939;*
1905;1905-1909;1900-1909;1900-1919;1900-1939;*
1906;1905-1909;1900-1909;1900-1919;1900-1939;*
1907;1905-1909;1900-1909;1900-1919;1900-1939;*
1908;1905-1909;1900-1909;1900-1919;1900-1939;*
1909;1905-1909;1900-1909;1900-1919;1900-1939;*
1910;1910-1914;1910-1919;1900-1919;1900-1939;*
1911;1910-1914;1910-1919;1900-1919;1900-1939;*
1912;1910-1914;1910-1919;1900-1919;1900-1939;*
1913;1910-1914;1910-1919;1900-1919;1900-1939;*
1914;1910-1914;1910-1919;1900-1919;1900-1939;*
1915;1915-1919;1910-1919;1900-1919;1900-1939;*
1916;1915-1919;1910-1919;1900-1919;1900-1939;*
1917;1915-1919;1910-1919;1900-1919;1900-1939;*
1918;1915-1919;1910-1919;1900-1919;1900-1939;*
1919;1915-1919;1910-1919;1900-1919;1900-1939;*
1920;1920-1924;1920-1929;1920-1939;1900-1939;*
1921;1920-1924;1920-1929;1920-1939;1900-1939;*
1922;1920-1924;1920-1929;1920-1939;1900-1939;*
1923;1920-1924;1920-1929;1920-1939;1900-1939;*
1924;1920-1924;1920-1929;1920-1939;1900-1939;*
1925;1925-1929;1920-1929;1920-1939;1900-1939;*
1926;1925-1929;1920-1929;1920-1939;1900-1939;*
1927;1925-1929;1920-1929;1920-1939;1900-1939;*
1928;1925-1929;1920-1929;1920-1939;1900-1939;*
1929;1925-1929;1920-1929;1920-1939;1900-1939;*
1930;1930-1934;1930-1939;1920-1939;1900-1939;*
1931;1930-1934;1930-1939;1920-1939;1900-1939;*
1932;1930-1934;1930-1939;1920-1939;1900-1939;*
1933;1930-1934;1930-1939;1920-1939;1900-1939;*
1934;1930-1934;1930-1939;1920-1939;1900-1939;*
1935;1935-1939;1930-1939;1920-1939;1900-1939;*
1936;1935-1939;1930-1939;1920-1939;1900-1939;*
1937;1935-1939;1930-1939;1920-1939;1900-1939;*
1938;1935-1939;1930-1939;1920-1939;1900-1939;*
1939;1935-1939;1930-1939;1920-1939;1900-1939;*
1940;1940-1944;1940-1949;1940-1959;1940-1979;*
1941;1940-1944;1940-1949;1940-1959;1940-1979;*
1942;1940-1944;1940-1949;1940-1959;1940-1979;*
1943;1940-1944;1940-1949;1940-1959;1940-1979;*
1944;1940-1944;1940-1949;1940-1959;1940-1979;*
1945;1945-1949;1940-1949;1940-1959;1940-1979;*
1946;1945-1949;1940-1949;1940-1959;1940-1979;*
1947;1945-1949;1940-1949;1940-1959;1940-1979;*
1948;1945-1949;1940-1949;1940-1959;1940-1979;*
1949;1945-1949;1940-1949;1940-1959;1940-1979;*
1950;1950-1954;1950-1959;1940-1959;1940-1979;*
1951;1950-1954;1950-1959;1940-1959;1940-1979;*
1952;1950-1954;1950-1959;1940-1959;1940-1979;*
1953;1950-1954;1950-1959;1940-1959;1940-1979;*
1954;1950-1954;1950-1959;1940-1959;1940-1979;*
1955;1955-1959;1950-1959;1940-1959;1940-1979;*
1956;1955-1959;1950-1959;1940-1959;1940-1979;*
1957;1955-1959;1950-1959;1940-1959;1940-1979;*
1958;1955-1959;1950-1959;1940-1959;1940-1979;*
1959;1955-1959;1950-1959;1940-1959;1940-1979;*
1960;1960-1964;1960-1969;1960-1979;1940-1979;*
1961;1960-1964;1960-1969;1960-1979;1940-1979;*
1962;1960-1964;1960-1969;1960-1979;1940-1979;*
1963;1960-1964;1960-1969;1960-1979;1940-1979;*
1964;1960-1964;1960-1969;1960-1979;1940-1979;*
1965;1965-1969;1960-1969;1960-1979;1940-1979;*
1966;1965-1969;1960-1969;1960-1979;1940-1979;*
1967;1965-1969;1960-1969;1960-1979;1940-1979;*
1968;1965-1969;1960-1969;1960-1979;1940-1979;*
1969;1965-1969;1960-1969;1960-1979;1940-1979;*
1970;1970-1974;1970-1979;1960-1979;1940-1979;*
1971;1970-1974;1970-1979;1960-1979;1940-1979;*
1972;1970-1974;1970-1979;1960-1979;1940-1979;*
1973;1970-1974;1970-1979;1960-1979;1940-1979;*
1974;1970-1974;1970-1979;1960-1979;1940-1979;*
1975;1975-1979;1970-1979;1960-1979;1940-1979;*
1976;1975-1979;1970-1979;1960-1979;1940-1979;*
1977;1975-1979;1970-1979;1960-1979;1940-1979;*
1978;1975-1979;1970-1979;1960-1979;1940-1979;*
1979;1975-1979;1970-1979;1960-1979;1940-1979;*
1980;1980-1984;1980-1989;1980-1999;1980-2019;*
1981;1980-1984;1980-1989;1980-1999;1980-2019;*
1982;1980-1984;1980-1989;1980-1999;1980-2019;*
1983;1980-1984;1980-1989;1980-1999;1980-2019;*
1984;1980-1984;1980-1989;1980-1999;1980-2019;*
1985;1985-1989;1980-1989;1980-1999;1980-2019;*
1986;1985-1989;1980-1989;1980-1999;1980-2019;*
1987;1985-1989;1980-1989;1980-1999;1980-2019;*
1988;1985-1989;1980-1989;1980-1999;1980-2019;*
1989;1985-1989;1980-1989;1980-1999;1980-2019;*
1990;1990-1994;1990-1999;1980-1999;1980-2019;*
1991;1990-1994;1990-1999;1980-1999;1980-2019;*
1992;1990-1994;1990-1999;1980-1999;1980-2019;*
1993;1990-1994;1990-1999;1980-1999;1980-2019;*
1994;1990-1994;1990-1999;1980-1999;1980-2019;*
1995;1995-1999;1990-1999;1980-1999;1980-2019;*
1996;1995-1999;1990-1999;1980-1999;1980-2019;*
1997;1995-1999;1990-1999;1980-1999;1980-2019;*
1998;1995-1999;1990-1999;1980-1999;1980-2019;*
1999;1995-1999;1990-1999;1980-1999;1980-2019;*
2000;2000-2004;2000-2009;2000-2019;1980-2019;*
2001;2000-2004;2000-2009;2000-2019;1980-2019;*
2002;2000-2004;2000-2009;2000-2019;1980-2019;*
2003;2000-2004;2000-2009;2000-2019;1980-2019;*
2004;2000-2004;2000-2009;2000-2019;1980-2019;*
2005;2005-2009;2000-2009;2000-2019;1980-2019;*
2006;2005-2009;2000-2009;2000-2019;1980-2019;*
2007;2005-2009;2000-2009;2000-2019;1980-2019;*
2008;2005-2009;2000-2009;2000-2019;1980-2019;*
2009;2005-2009;2000-2009;2000-2019;1980-2019;*
2010;2010-2014;2010-2019;2000-2019;1980-2019;*
2011;2010-2014;2010-2019;2000-2019;1980-2019;*
