;;;;;;;;;;Utility;Runtime;SuppressionLimit;SuppressedRatio;Variance;VarianceWithoutSuppressed;Transformations
Dataset;UtilityMeasure;PrivacyModel;Algorithm;SuppressionLimit;gsFactor;gsFactorStepSize;K;Records;QIs;Value;Value;Value;Value;Value;Value;Value
Adult;Loss;5-anonymity;RGR;0.05;0.0;0.05;5;30162;9;0.2186907481;1299.0;3.0;9.94629E-5;4.645817E-4;4.576283E-4;4.0
Adult;Loss;5-anonymity;RGR;0.05;0.025;0.05;5;30162;9;0.2186907481;1289.0;3.0;9.94629E-5;4.645817E-4;4.576283E-4;4.0
Adult;Loss;5-anonymity;RGR;0.05;0.05;0.05;5;30162;9;0.2186907481;1288.0;3.0;9.94629E-5;4.645817E-4;4.576283E-4;4.0
Adult;Loss;5-anonymity;RGR;0.05;0.075;0.05;5;30162;9;0.2186907481;1310.0;3.0;9.94629E-5;4.645817E-4;4.576283E-4;4.0
Adult;Loss;5-anonymity;RGR;0.05;0.1;0.05;5;30162;9;0.2186907481;1272.0;3.0;9.94629E-5;4.645817E-4;4.576283E-4;4.0
Adult;Loss;5-anonymity;RGR;0.05;0.125;0.05;5;30162;9;0.2186907481;1316.0;3.0;9.94629E-5;4.645817E-4;4.576283E-4;4.0
Adult;Loss;5-anonymity;RGR;0.05;0.15;0.05;5;30162;9;0.2186907481;1315.0;3.0;9.94629E-5;4.645817E-4;4.576283E-4;4.0
Adult;Loss;5-anonymity;RGR;0.05;0.175;0.05;5;30162;9;0.2186907481;1296.0;3.0;9.94629E-5;4.645817E-4;4.576283E-4;4.0
Adult;Loss;5-anonymity;RGR;0.05;0.2;0.05;5;30162;9;0.2186907481;1289.0;3.0;9.94629E-5;4.645817E-4;4.576283E-4;4.0
Adult;Loss;5-anonymity;RGR;0.05;0.225;0.05;5;30162;9;0.2186907481;1271.0;3.0;9.94629E-5;4.645817E-4;4.576283E-4;4.0
Adult;Loss;5-anonymity;RGR;0.05;0.25;0.05;5;30162;9;0.2186907481;1311.0;3.0;9.94629E-5;4.645817E-4;4.576283E-4;4.0
Adult;Loss;5-anonymity;RGR;0.05;0.275;0.05;5;30162;9;0.2186907481;1315.0;3.0;9.94629E-5;4.645817E-4;4.576283E-4;4.0
Adult;Loss;5-anonymity;RGR;0.05;0.3;0.05;5;30162;9;0.2186907481;1325.0;3.0;9.94629E-5;4.645817E-4;4.576283E-4;4.0
Adult;Loss;5-anonymity;RGR;0.05;0.325;0.05;5;30162;9;0.2186907481;1320.0;3.0;9.94629E-5;4.645817E-4;4.576283E-4;4.0
Adult;Loss;5-anonymity;RGR;0.05;0.35;0.05;5;30162;9;0.2186907481;1294.0;3.0;9.94629E-5;4.645817E-4;4.576283E-4;4.0
Adult;Loss;5-anonymity;RGR;0.05;0.375;0.05;5;30162;9;0.2186907481;1301.0;3.0;9.94629E-5;4.645817E-4;4.576283E-4;4.0
Adult;Loss;5-anonymity;RGR;0.05;0.4;0.05;5;30162;9;0.2186907481;1333.0;3.0;9.94629E-5;4.645817E-4;4.576283E-4;4.0
Adult;Loss;5-anonymity;RGR;0.05;0.425;0.05;5;30162;9;0.2186907481;1361.0;3.0;9.94629E-5;4.645817E-4;4.576283E-4;4.0
Adult;Loss;5-anonymity;RGR;0.05;0.45;0.05;5;30162;9;0.2186907481;1351.0;3.0;9.94629E-5;4.645817E-4;4.576283E-4;4.0
Adult;Loss;5-anonymity;RGR;0.05;0.475;0.05;5;30162;9;0.2186907481;1309.0;3.0;9.94629E-5;4.645817E-4;4.576283E-4;4.0
Adult;Loss;5-anonymity;RGR;0.05;0.5;0.05;5;30162;9;0.2186907481;1318.0;3.0;9.94629E-5;4.645817E-4;4.576283E-4;4.0
Adult;Loss;5-anonymity;RGR;0.1;0.0;0.05;5;30162;9;0.1713235718;1302.0;2.0;6.63086E-5;8.024676E-4;7.978648E-4;5.0
Adult;Loss;5-anonymity;RGR;0.1;0.025;0.05;5;30162;9;0.1713235718;1352.0;2.0;6.63086E-5;8.024676E-4;7.978648E-4;5.0
Adult;Loss;5-anonymity;RGR;0.1;0.05;0.05;5;30162;9;0.1713235718;1357.0;2.0;6.63086E-5;8.024676E-4;7.978648E-4;5.0
Adult;Loss;5-anonymity;RGR;0.1;0.075;0.05;5;30162;9;0.1713235718;1215.0;2.0;6.63086E-5;8.024676E-4;7.978648E-4;5.0
Adult;Loss;5-anonymity;RGR;0.1;0.1;0.05;5;30162;9;0.1713235718;1284.0;2.0;6.63086E-5;8.024676E-4;7.978648E-4;5.0
Adult;Loss;5-anonymity;RGR;0.1;0.125;0.05;5;30162;9;0.1713824531;1363.0;10.0;3.31543E-4;8.13792E-4;7.90777E-4;4.0
Adult;Loss;5-anonymity;RGR;0.1;0.15;0.05;5;30162;9;0.1713824531;1389.0;10.0;3.31543E-4;8.13792E-4;7.90777E-4;4.0
Adult;Loss;5-anonymity;RGR;0.1;0.175;0.05;5;30162;9;0.1713824531;1409.0;10.0;3.31543E-4;8.13792E-4;7.90777E-4;4.0
Adult;Loss;5-anonymity;RGR;0.1;0.2;0.05;5;30162;9;0.1713824531;1498.0;10.0;3.31543E-4;8.13792E-4;7.90777E-4;4.0
Adult;Loss;5-anonymity;RGR;0.1;0.225;0.05;5;30162;9;0.1713824531;1532.0;10.0;3.31543E-4;8.13792E-4;7.90777E-4;4.0
Adult;Loss;5-anonymity;RGR;0.1;0.25;0.05;5;30162;9;0.1713824531;1592.0;10.0;3.31543E-4;8.13792E-4;7.90777E-4;4.0
Adult;Loss;5-anonymity;RGR;0.1;0.275;0.05;5;30162;9;0.1713824531;1489.0;10.0;3.31543E-4;8.13792E-4;7.90777E-4;4.0
Adult;Loss;5-anonymity;RGR;0.1;0.3;0.05;5;30162;9;0.1713824531;1548.0;10.0;3.31543E-4;8.13792E-4;7.90777E-4;4.0
Adult;Loss;5-anonymity;RGR;0.1;0.325;0.05;5;30162;9;0.1713824531;1594.0;10.0;3.31543E-4;8.13792E-4;7.90777E-4;4.0
Adult;Loss;5-anonymity;RGR;0.1;0.35;0.05;5;30162;9;0.1713824531;1605.0;10.0;3.31543E-4;8.13792E-4;7.90777E-4;4.0
Adult;Loss;5-anonymity;RGR;0.1;0.375;0.05;5;30162;9;0.1713824531;1717.0;10.0;3.31543E-4;8.13792E-4;7.90777E-4;4.0
Adult;Loss;5-anonymity;RGR;0.1;0.4;0.05;5;30162;9;0.1708374157;1716.0;0.0;0.0;3.02299E-4;3.02299E-4;4.0
Adult;Loss;5-anonymity;RGR;0.1;0.425;0.05;5;30162;9;0.1708374157;1826.0;0.0;0.0;3.02299E-4;3.02299E-4;4.0
Adult;Loss;5-anonymity;RGR;0.1;0.45;0.05;5;30162;9;0.1708374157;1867.0;0.0;0.0;3.02299E-4;3.02299E-4;4.0
Adult;Loss;5-anonymity;RGR;0.1;0.475;0.05;5;30162;9;0.1708374157;1858.0;0.0;0.0;3.02299E-4;3.02299E-4;4.0
Adult;Loss;5-anonymity;RGR;0.1;0.5;0.05;5;30162;9;0.1708374157;1889.0;0.0;0.0;3.02299E-4;3.02299E-4;4.0
Adult;Loss;5-anonymity;RGR;0.95;0.0;0.05;5;30162;9;0.0540518271;9804.0;4.0;1.326172E-4;9.272266E-4;9.168787E-4;96.0
Adult;Loss;5-anonymity;RGR;0.95;0.025;0.05;5;30162;9;0.0553283498;16975.0;1.0;3.31543E-5;9.195048E-4;9.169169E-4;91.0
Adult;Loss;5-anonymity;RGR;0.95;0.05;0.05;5;30162;9;0.058181549;25619.0;2.0;6.63086E-5;9.064579E-4;9.012874E-4;82.0
Adult;Loss;5-anonymity;RGR;0.95;0.075;0.05;5;30162;9;0.0671193046;28848.0;3.0;9.94629E-5;9.918149E-4;9.840928E-4;76.0
Adult;Loss;5-anonymity;RGR;0.95;0.1;0.05;5;30162;9;0.0750508661;16127.0;3.0;9.94629E-5;0.0011636123;0.0011559505;64.0
Adult;Loss;5-anonymity;RGR;0.95;0.125;0.05;5;30162;9;0.087838167;10192.0;4.0;1.326172E-4;0.0010010476;9.910574E-4;42.0
Adult;Loss;5-anonymity;RGR;0.95;0.15;0.05;5;30162;9;0.089516463;7913.0;0.0;0.0;9.6533E-4;9.6533E-4;23.0
Adult;Loss;5-anonymity;RGR;0.95;0.175;0.05;5;30162;9;0.1077469807;6313.0;4.0;1.326172E-4;8.77664E-4;8.677193E-4;20.0
Adult;Loss;5-anonymity;RGR;0.95;0.2;0.05;5;30162;9;0.1087003905;6070.0;4.0;1.326172E-4;8.696171E-4;8.59674E-4;11.0
Adult;Loss;5-anonymity;RGR;0.95;0.225;0.05;5;30162;9;0.1087020489;6462.0;3.0;9.94629E-5;8.668415E-4;8.593838E-4;11.0
Adult;Loss;5-anonymity;RGR;0.95;0.25;0.05;5;30162;9;0.122010735;6060.0;0.0;0.0;6.353758E-4;6.353758E-4;5.0
Adult;Loss;5-anonymity;RGR;0.95;0.275;0.05;5;30162;9;0.122010735;6456.0;0.0;0.0;6.353758E-4;6.353758E-4;5.0
Adult;Loss;5-anonymity;RGR;0.95;0.3;0.05;5;30162;9;0.122010735;6685.0;0.0;0.0;6.353758E-4;6.353758E-4;5.0
Adult;Loss;5-anonymity;RGR;0.95;0.325;0.05;5;30162;9;0.122010735;6933.0;0.0;0.0;6.353758E-4;6.353758E-4;5.0
Adult;Loss;5-anonymity;RGR;0.95;0.35;0.05;5;30162;9;0.122010735;7193.0;0.0;0.0;6.353758E-4;6.353758E-4;5.0
Adult;Loss;5-anonymity;RGR;0.95;0.375;0.05;5;30162;9;0.1284894419;7053.0;0.0;0.0;7.608262E-4;7.608262E-4;5.0
Adult;Loss;5-anonymity;RGR;0.95;0.4;0.05;5;30162;9;0.1461434932;6797.0;0.0;0.0;6.225293E-4;6.225293E-4;5.0
Adult;Loss;5-anonymity;RGR;0.95;0.425;0.05;5;30162;9;0.1700444174;6213.0;3.0;9.94629E-5;7.663392E-4;7.59427E-4;5.0
Adult;Loss;5-anonymity;RGR;0.95;0.45;0.05;5;30162;9;0.1700444174;6310.0;3.0;9.94629E-5;7.663392E-4;7.59427E-4;5.0
Adult;Loss;5-anonymity;RGR;0.95;0.475;0.05;5;30162;9;0.1706193049;6382.0;3.0;9.94629E-5;3.026221E-4;2.956019E-4;5.0
Adult;Loss;5-anonymity;RGR;0.95;0.5;0.05;5;30162;9;0.1706193049;6287.0;3.0;9.94629E-5;3.026221E-4;2.956019E-4;5.0
Adult;Loss;5-anonymity;RGR;0.99999;0.0;0.05;5;30162;9;0.0517274163;58562.0;4.0;1.326172E-4;0.0010457917;0.0010354722;487.0
Adult;Loss;5-anonymity;RGR;0.99999;0.025;0.05;5;30162;9;0.052576408;140121.0;5.0;1.657715E-4;0.0010337472;0.0010208387;480.0
Adult;Loss;5-anonymity;RGR;0.99999;0.05;0.05;5;30162;9;0.0551598703;254263.0;0.0;0.0;9.802179E-4;9.802179E-4;471.0
Adult;Loss;5-anonymity;RGR;0.99999;0.075;0.05;5;30162;9;0.064454517;328740.0;0.0;0.0;0.0010794711;0.0010794711;438.0
Adult;Loss;5-anonymity;RGR;0.99999;0.1;0.05;5;30162;9;0.0717589675;150070.0;2.0;6.63086E-5;0.0012000219;0.0011949124;268.0
Adult;Loss;5-anonymity;RGR;0.99999;0.125;0.05;5;30162;9;0.0856594609;84811.0;1.0;3.31543E-5;0.0010263959;0.0010238984;187.0
Adult;Loss;5-anonymity;RGR;0.99999;0.15;0.05;5;30162;9;0.0884199065;24788.0;4.0;1.326172E-4;9.59107E-4;9.491117E-4;65.0
Adult;Loss;5-anonymity;RGR;0.99999;0.175;0.05;5;30162;9;0.1077312102;9447.0;3.0;9.94629E-5;8.883547E-4;8.808992E-4;24.0
Adult;Loss;5-anonymity;RGR;0.99999;0.2;0.05;5;30162;9;0.10855524;7318.0;4.0;1.326172E-4;8.674278E-4;8.574833E-4;14.0
Adult;Loss;5-anonymity;RGR;0.99999;0.225;0.05;5;30162;9;0.1087020489;7268.0;3.0;9.94629E-5;8.668415E-4;8.593838E-4;11.0
Adult;Loss;5-anonymity;RGR;0.99999;0.25;0.05;5;30162;9;0.122010735;6728.0;0.0;0.0;6.353758E-4;6.353758E-4;5.0
Adult;Loss;5-anonymity;RGR;0.99999;0.275;0.05;5;30162;9;0.122010735;7146.0;0.0;0.0;6.353758E-4;6.353758E-4;5.0
Adult;Loss;5-anonymity;RGR;0.99999;0.3;0.05;5;30162;9;0.122010735;7319.0;0.0;0.0;6.353758E-4;6.353758E-4;5.0
Adult;Loss;5-anonymity;RGR;0.99999;0.325;0.05;5;30162;9;0.122010735;7551.0;0.0;0.0;6.353758E-4;6.353758E-4;5.0
Adult;Loss;5-anonymity;RGR;0.99999;0.35;0.05;5;30162;9;0.122010735;7814.0;0.0;0.0;6.353758E-4;6.353758E-4;5.0
Adult;Loss;5-anonymity;RGR;0.99999;0.375;0.05;5;30162;9;0.1284894419;7520.0;0.0;0.0;7.608262E-4;7.608262E-4;5.0
Adult;Loss;5-anonymity;RGR;0.99999;0.4;0.05;5;30162;9;0.1461434932;7351.0;0.0;0.0;6.225293E-4;6.225293E-4;5.0
Adult;Loss;5-anonymity;RGR;0.99999;0.425;0.05;5;30162;9;0.1700444174;6670.0;3.0;9.94629E-5;7.663392E-4;7.59427E-4;5.0
Adult;Loss;5-anonymity;RGR;0.99999;0.45;0.05;5;30162;9;0.1700444174;6848.0;3.0;9.94629E-5;7.663392E-4;7.59427E-4;5.0
Adult;Loss;5-anonymity;RGR;0.99999;0.475;0.05;5;30162;9;0.1706193049;6828.0;3.0;9.94629E-5;3.026221E-4;2.956019E-4;5.0
Adult;Loss;5-anonymity;RGR;0.99999;0.5;0.05;5;30162;9;0.1706193049;6738.0;3.0;9.94629E-5;3.026221E-4;2.956019E-4;5.0
Adult;Loss;10-anonymity;RGR;0.05;0.0;0.05;10;30162;9;0.2704078676;1274.0;0.0;0.0;3.236835E-4;3.236835E-4;3.0
Adult;Loss;10-anonymity;RGR;0.05;0.025;0.05;10;30162;9;0.2704078676;1205.0;0.0;0.0;3.236835E-4;3.236835E-4;3.0
Adult;Loss;10-anonymity;RGR;0.05;0.05;0.05;10;30162;9;0.2704078676;1195.0;0.0;0.0;3.236835E-4;3.236835E-4;3.0
Adult;Loss;10-anonymity;RGR;0.05;0.075;0.05;10;30162;9;0.2704078676;1186.0;0.0;0.0;3.236835E-4;3.236835E-4;3.0
Adult;Loss;10-anonymity;RGR;0.05;0.1;0.05;10;30162;9;0.2704078676;1248.0;0.0;0.0;3.236835E-4;3.236835E-4;3.0
Adult;Loss;10-anonymity;RGR;0.05;0.125;0.05;10;30162;9;0.2704078676;1241.0;0.0;0.0;3.236835E-4;3.236835E-4;3.0
Adult;Loss;10-anonymity;RGR;0.05;0.15;0.05;10;30162;9;0.2704078676;1260.0;0.0;0.0;3.236835E-4;3.236835E-4;3.0
Adult;Loss;10-anonymity;RGR;0.05;0.175;0.05;10;30162;9;0.2704078676;1243.0;0.0;0.0;3.236835E-4;3.236835E-4;3.0
Adult;Loss;10-anonymity;RGR;0.05;0.2;0.05;10;30162;9;0.2704078676;1240.0;0.0;0.0;3.236835E-4;3.236835E-4;3.0
Adult;Loss;10-anonymity;RGR;0.05;0.225;0.05;10;30162;9;0.2704078676;1240.0;0.0;0.0;3.236835E-4;3.236835E-4;3.0
Adult;Loss;10-anonymity;RGR;0.05;0.25;0.05;10;30162;9;0.2704078676;1221.0;0.0;0.0;3.236835E-4;3.236835E-4;3.0
Adult;Loss;10-anonymity;RGR;0.05;0.275;0.05;10;30162;9;0.2694483218;1235.0;0.0;0.0;2.522254E-4;2.522254E-4;3.0
Adult;Loss;10-anonymity;RGR;0.05;0.3;0.05;10;30162;9;0.2694483218;1234.0;0.0;0.0;2.522254E-4;2.522254E-4;3.0
Adult;Loss;10-anonymity;RGR;0.05;0.325;0.05;10;30162;9;0.2694483218;1238.0;0.0;0.0;2.522254E-4;2.522254E-4;3.0
Adult;Loss;10-anonymity;RGR;0.05;0.35;0.05;10;30162;9;0.2694483218;1237.0;0.0;0.0;2.522254E-4;2.522254E-4;3.0
Adult;Loss;10-anonymity;RGR;0.05;0.375;0.05;10;30162;9;0.2694483218;1247.0;0.0;0.0;2.522254E-4;2.522254E-4;3.0
Adult;Loss;10-anonymity;RGR;0.05;0.4;0.05;10;30162;9;0.2694483218;1240.0;0.0;0.0;2.522254E-4;2.522254E-4;3.0
Adult;Loss;10-anonymity;RGR;0.05;0.425;0.05;10;30162;9;0.2694483218;1200.0;0.0;0.0;2.522254E-4;2.522254E-4;3.0
Adult;Loss;10-anonymity;RGR;0.05;0.45;0.05;10;30162;9;0.2694483218;1242.0;0.0;0.0;2.522254E-4;2.522254E-4;3.0
Adult;Loss;10-anonymity;RGR;0.05;0.475;0.05;10;30162;9;0.2694483218;1243.0;0.0;0.0;2.522254E-4;2.522254E-4;3.0
Adult;Loss;10-anonymity;RGR;0.05;0.5;0.05;10;30162;9;0.2694483218;1251.0;0.0;0.0;2.522254E-4;2.522254E-4;3.0
Adult;Loss;10-anonymity;RGR;0.1;0.0;0.05;10;30162;9;0.2125316729;1305.0;0.0;0.0;4.498509E-4;4.498509E-4;4.0
Adult;Loss;10-anonymity;RGR;0.1;0.025;0.05;10;30162;9;0.2125316729;1376.0;0.0;0.0;4.498509E-4;4.498509E-4;4.0
Adult;Loss;10-anonymity;RGR;0.1;0.05;0.05;10;30162;9;0.2125316729;1351.0;0.0;0.0;4.498509E-4;4.498509E-4;4.0
Adult;Loss;10-anonymity;RGR;0.1;0.075;0.05;10;30162;9;0.2125316729;1441.0;0.0;0.0;4.498509E-4;4.498509E-4;4.0
Adult;Loss;10-anonymity;RGR;0.1;0.1;0.05;10;30162;9;0.2125316729;1498.0;0.0;0.0;4.498509E-4;4.498509E-4;4.0
Adult;Loss;10-anonymity;RGR;0.1;0.125;0.05;10;30162;9;0.2125316729;1494.0;0.0;0.0;4.498509E-4;4.498509E-4;4.0
Adult;Loss;10-anonymity;RGR;0.1;0.15;0.05;10;30162;9;0.2125316729;1493.0;0.0;0.0;4.498509E-4;4.498509E-4;4.0
Adult;Loss;10-anonymity;RGR;0.1;0.175;0.05;10;30162;9;0.2125316729;1492.0;0.0;0.0;4.498509E-4;4.498509E-4;4.0
Adult;Loss;10-anonymity;RGR;0.1;0.2;0.05;10;30162;9;0.2125316729;1516.0;0.0;0.0;4.498509E-4;4.498509E-4;4.0
Adult;Loss;10-anonymity;RGR;0.1;0.225;0.05;10;30162;9;0.2125316729;1574.0;0.0;0.0;4.498509E-4;4.498509E-4;4.0
Adult;Loss;10-anonymity;RGR;0.1;0.25;0.05;10;30162;9;0.2125316729;1587.0;0.0;0.0;4.498509E-4;4.498509E-4;4.0
Adult;Loss;10-anonymity;RGR;0.1;0.275;0.05;10;30162;9;0.2125316729;1506.0;0.0;0.0;4.498509E-4;4.498509E-4;4.0
Adult;Loss;10-anonymity;RGR;0.1;0.3;0.05;10;30162;9;0.2125316729;1587.0;0.0;0.0;4.498509E-4;4.498509E-4;4.0
Adult;Loss;10-anonymity;RGR;0.1;0.325;0.05;10;30162;9;0.2181262252;1565.0;1.0;3.31543E-5;3.107315E-4;3.086053E-4;5.0
Adult;Loss;10-anonymity;RGR;0.1;0.35;0.05;10;30162;9;0.2181262252;1637.0;1.0;3.31543E-5;3.107315E-4;3.086053E-4;5.0
Adult;Loss;10-anonymity;RGR;0.1;0.375;0.05;10;30162;9;0.2181262252;1633.0;1.0;3.31543E-5;3.107315E-4;3.086053E-4;5.0
Adult;Loss;10-anonymity;RGR;0.1;0.4;0.05;10;30162;9;0.2181262252;1599.0;1.0;3.31543E-5;3.107315E-4;3.086053E-4;5.0
Adult;Loss;10-anonymity;RGR;0.1;0.425;0.05;10;30162;9;0.2181262252;1600.0;1.0;3.31543E-5;3.107315E-4;3.086053E-4;5.0
Adult;Loss;10-anonymity;RGR;0.1;0.45;0.05;10;30162;9;0.2192058805;1634.0;11.0;3.646973E-4;2.728027E-4;2.493567E-4;4.0
Adult;Loss;10-anonymity;RGR;0.1;0.475;0.05;10;30162;9;0.2192058805;1690.0;11.0;3.646973E-4;2.728027E-4;2.493567E-4;4.0
Adult;Loss;10-anonymity;RGR;0.1;0.5;0.05;10;30162;9;0.2192058805;1682.0;11.0;3.646973E-4;2.728027E-4;2.493567E-4;4.0
Adult;Loss;10-anonymity;RGR;0.95;0.0;0.05;10;30162;9;0.0773942893;10803.0;4.0;1.326172E-4;0.0013359451;0.0013258718;82.0
Adult;Loss;10-anonymity;RGR;0.95;0.025;0.05;10;30162;9;0.077831904;18766.0;0.0;0.0;0.0013436758;0.0013436758;82.0
Adult;Loss;10-anonymity;RGR;0.95;0.05;0.05;10;30162;9;0.0830224602;29454.0;3.0;9.94629E-5;0.0012677702;0.0012601866;76.0
Adult;Loss;10-anonymity;RGR;0.95;0.075;0.05;10;30162;9;0.0879123627;31512.0;12.0;3.978516E-4;0.0013764299;0.0013463228;69.0
Adult;Loss;10-anonymity;RGR;0.95;0.1;0.05;10;30162;9;0.0979428968;28266.0;12.0;3.978516E-4;0.0011349833;0.0011052681;62.0
Adult;Loss;10-anonymity;RGR;0.95;0.125;0.05;10;30162;9;0.1054924852;12908.0;5.0;1.657715E-4;0.0011751756;0.0011628393;29.0
Adult;Loss;10-anonymity;RGR;0.95;0.15;0.05;10;30162;9;0.1250817769;7158.0;10.0;3.31543E-4;8.633339E-4;8.386734E-4;13.0
Adult;Loss;10-anonymity;RGR;0.95;0.175;0.05;10;30162;9;0.1311922191;7464.0;7.0;2.320801E-4;7.048847E-4;6.877272E-4;16.0
Adult;Loss;10-anonymity;RGR;0.95;0.2;0.05;10;30162;9;0.1337718979;7505.0;5.0;1.657715E-4;0.0011359542;0.0011238733;8.0
Adult;Loss;10-anonymity;RGR;0.95;0.225;0.05;10;30162;9;0.1385695431;7337.0;5.0;1.657715E-4;9.63752E-4;9.515746E-4;9.0
Adult;Loss;10-anonymity;RGR;0.95;0.25;0.05;10;30162;9;0.1387071776;7599.0;7.0;2.320801E-4;9.524306E-4;9.353722E-4;6.0
Adult;Loss;10-anonymity;RGR;0.95;0.275;0.05;10;30162;9;0.1594329422;7110.0;3.0;9.94629E-5;0.0012584319;0.0012516758;8.0
Adult;Loss;10-anonymity;RGR;0.95;0.3;0.05;10;30162;9;0.1594329422;7280.0;3.0;9.94629E-5;0.0012584319;0.0012516758;8.0
Adult;Loss;10-anonymity;RGR;0.95;0.325;0.05;10;30162;9;0.1619925417;7393.0;1.0;3.31543E-5;5.50206E-4;5.478991E-4;7.0
Adult;Loss;10-anonymity;RGR;0.95;0.35;0.05;10;30162;9;0.1619925417;7500.0;1.0;3.31543E-5;5.50206E-4;5.478991E-4;7.0
Adult;Loss;10-anonymity;RGR;0.95;0.375;0.05;10;30162;9;0.1619925417;7686.0;1.0;3.31543E-5;5.50206E-4;5.478991E-4;7.0
Adult;Loss;10-anonymity;RGR;0.95;0.4;0.05;10;30162;9;0.1622243281;7814.0;0.0;0.0;5.478744E-4;5.478744E-4;4.0
Adult;Loss;10-anonymity;RGR;0.95;0.425;0.05;10;30162;9;0.1856432206;7295.0;6.0;1.989258E-4;4.61224E-4;4.473242E-4;6.0
Adult;Loss;10-anonymity;RGR;0.95;0.45;0.05;10;30162;9;0.1857994794;7415.0;5.0;1.657715E-4;4.508564E-4;4.392691E-4;5.0
Adult;Loss;10-anonymity;RGR;0.95;0.475;0.05;10;30162;9;0.1857994794;7523.0;5.0;1.657715E-4;4.508564E-4;4.392691E-4;5.0
Adult;Loss;10-anonymity;RGR;0.95;0.5;0.05;10;30162;9;0.1857994794;7433.0;5.0;1.657715E-4;4.508564E-4;4.392691E-4;5.0
Adult;Loss;10-anonymity;RGR;0.99999;0.0;0.05;10;30162;9;0.0751910005;62725.0;5.0;1.657715E-4;0.0014560632;0.0014435012;367.0
Adult;Loss;10-anonymity;RGR;0.99999;0.025;0.05;10;30162;9;0.0752477817;132847.0;4.0;1.326172E-4;0.0014191996;0.0014091311;350.0
Adult;Loss;10-anonymity;RGR;0.99999;0.05;0.05;10;30162;9;0.0798941494;248394.0;8.0;2.652344E-4;0.0013614086;0.0013412022;359.0
Adult;Loss;10-anonymity;RGR;0.99999;0.075;0.05;10;30162;9;0.085568414;309073.0;9.0;2.983887E-4;0.0014524226;0.0014298418;332.0
Adult;Loss;10-anonymity;RGR;0.99999;0.1;0.05;10;30162;9;0.0950486925;303112.0;8.0;2.652344E-4;0.0012536498;0.0012338912;288.0
Adult;Loss;10-anonymity;RGR;0.99999;0.125;0.05;10;30162;9;0.1038441335;93262.0;12.0;3.978516E-4;0.001313372;0.0012838584;129.0
Adult;Loss;10-anonymity;RGR;0.99999;0.15;0.05;10;30162;9;0.12383641;19770.0;0.0;0.0;8.344284E-4;8.344284E-4;36.0
Adult;Loss;10-anonymity;RGR;0.99999;0.175;0.05;10;30162;9;0.1309414474;10982.0;0.0;0.0;6.634621E-4;6.634621E-4;18.0
Adult;Loss;10-anonymity;RGR;0.99999;0.2;0.05;10;30162;9;0.1337718979;8671.0;5.0;1.657715E-4;0.0011359542;0.0011238733;8.0
Adult;Loss;10-anonymity;RGR;0.99999;0.225;0.05;10;30162;9;0.1385695431;8334.0;5.0;1.657715E-4;9.63752E-4;9.515746E-4;9.0
Adult;Loss;10-anonymity;RGR;0.99999;0.25;0.05;10;30162;9;0.1387071776;8545.0;7.0;2.320801E-4;9.524306E-4;9.353722E-4;6.0
Adult;Loss;10-anonymity;RGR;0.99999;0.275;0.05;10;30162;9;0.1594329422;8060.0;3.0;9.94629E-5;0.0012584319;0.0012516758;8.0
Adult;Loss;10-anonymity;RGR;0.99999;0.3;0.05;10;30162;9;0.1594329422;8218.0;3.0;9.94629E-5;0.0012584319;0.0012516758;8.0
Adult;Loss;10-anonymity;RGR;0.99999;0.325;0.05;10;30162;9;0.1619925417;8190.0;1.0;3.31543E-5;5.50206E-4;5.478991E-4;7.0
Adult;Loss;10-anonymity;RGR;0.99999;0.35;0.05;10;30162;9;0.1619925417;8268.0;1.0;3.31543E-5;5.50206E-4;5.478991E-4;7.0
Adult;Loss;10-anonymity;RGR;0.99999;0.375;0.05;10;30162;9;0.1619925417;8466.0;1.0;3.31543E-5;5.50206E-4;5.478991E-4;7.0
Adult;Loss;10-anonymity;RGR;0.99999;0.4;0.05;10;30162;9;0.1622243281;8670.0;0.0;0.0;5.478744E-4;5.478744E-4;4.0
Adult;Loss;10-anonymity;RGR;0.99999;0.425;0.05;10;30162;9;0.1856432206;8037.0;6.0;1.989258E-4;4.61224E-4;4.473242E-4;6.0
Adult;Loss;10-anonymity;RGR;0.99999;0.45;0.05;10;30162;9;0.1857994794;8135.0;5.0;1.657715E-4;4.508564E-4;4.392691E-4;5.0
Adult;Loss;10-anonymity;RGR;0.99999;0.475;0.05;10;30162;9;0.1857994794;8258.0;5.0;1.657715E-4;4.508564E-4;4.392691E-4;5.0
Adult;Loss;10-anonymity;RGR;0.99999;0.5;0.05;10;30162;9;0.1857994794;8158.0;5.0;1.657715E-4;4.508564E-4;4.392691E-4;5.0
Adult;Loss;25-anonymity;RGR;0.05;0.0;0.05;25;30162;9;0.3415160613;1064.0;0.0;0.0;2.432896E-4;2.432896E-4;3.0
Adult;Loss;25-anonymity;RGR;0.05;0.025;0.05;25;30162;9;0.3415160613;1067.0;0.0;0.0;2.432896E-4;2.432896E-4;3.0
Adult;Loss;25-anonymity;RGR;0.05;0.05;0.05;25;30162;9;0.3415160613;1028.0;0.0;0.0;2.432896E-4;2.432896E-4;3.0
Adult;Loss;25-anonymity;RGR;0.05;0.075;0.05;25;30162;9;0.3415160613;1088.0;0.0;0.0;2.432896E-4;2.432896E-4;3.0
Adult;Loss;25-anonymity;RGR;0.05;0.1;0.05;25;30162;9;0.3415160613;1044.0;0.0;0.0;2.432896E-4;2.432896E-4;3.0
Adult;Loss;25-anonymity;RGR;0.05;0.125;0.05;25;30162;9;0.3415160613;1015.0;0.0;0.0;2.432896E-4;2.432896E-4;3.0
Adult;Loss;25-anonymity;RGR;0.05;0.15;0.05;25;30162;9;0.3415160613;1046.0;0.0;0.0;2.432896E-4;2.432896E-4;3.0
Adult;Loss;25-anonymity;RGR;0.05;0.175;0.05;25;30162;9;0.3415160613;1035.0;0.0;0.0;2.432896E-4;2.432896E-4;3.0
Adult;Loss;25-anonymity;RGR;0.05;0.2;0.05;25;30162;9;0.3415160613;1035.0;0.0;0.0;2.432896E-4;2.432896E-4;3.0
Adult;Loss;25-anonymity;RGR;0.05;0.225;0.05;25;30162;9;0.3415160613;1031.0;0.0;0.0;2.432896E-4;2.432896E-4;3.0
Adult;Loss;25-anonymity;RGR;0.05;0.25;0.05;25;30162;9;0.3415160613;1029.0;0.0;0.0;2.432896E-4;2.432896E-4;3.0
Adult;Loss;25-anonymity;RGR;0.05;0.275;0.05;25;30162;9;0.3415160613;1006.0;0.0;0.0;2.432896E-4;2.432896E-4;3.0
Adult;Loss;25-anonymity;RGR;0.05;0.3;0.05;25;30162;9;0.3415160613;975.0;0.0;0.0;2.432896E-4;2.432896E-4;3.0
Adult;Loss;25-anonymity;RGR;0.05;0.325;0.05;25;30162;9;0.3415160613;1003.0;0.0;0.0;2.432896E-4;2.432896E-4;3.0
Adult;Loss;25-anonymity;RGR;0.05;0.35;0.05;25;30162;9;0.3415160613;981.0;0.0;0.0;2.432896E-4;2.432896E-4;3.0
Adult;Loss;25-anonymity;RGR;0.05;0.375;0.05;25;30162;9;0.3415160613;980.0;0.0;0.0;2.432896E-4;2.432896E-4;3.0
Adult;Loss;25-anonymity;RGR;0.05;0.4;0.05;25;30162;9;0.3415160613;978.0;0.0;0.0;2.432896E-4;2.432896E-4;3.0
Adult;Loss;25-anonymity;RGR;0.05;0.425;0.05;25;30162;9;0.3415160613;989.0;0.0;0.0;2.432896E-4;2.432896E-4;3.0
Adult;Loss;25-anonymity;RGR;0.05;0.45;0.05;25;30162;9;0.3415160613;990.0;0.0;0.0;2.432896E-4;2.432896E-4;3.0
Adult;Loss;25-anonymity;RGR;0.05;0.475;0.05;25;30162;9;0.3415160613;971.0;0.0;0.0;2.432896E-4;2.432896E-4;3.0
Adult;Loss;25-anonymity;RGR;0.05;0.5;0.05;25;30162;9;0.3415160613;976.0;0.0;0.0;2.432896E-4;2.432896E-4;3.0
Adult;Loss;25-anonymity;RGR;0.1;0.0;0.05;25;30162;9;0.2822142191;1296.0;0.0;0.0;5.157255E-4;5.157255E-4;3.0
Adult;Loss;25-anonymity;RGR;0.1;0.025;0.05;25;30162;9;0.2822142191;1296.0;0.0;0.0;5.157255E-4;5.157255E-4;3.0
Adult;Loss;25-anonymity;RGR;0.1;0.05;0.05;25;30162;9;0.2822142191;1316.0;0.0;0.0;5.157255E-4;5.157255E-4;3.0
Adult;Loss;25-anonymity;RGR;0.1;0.075;0.05;25;30162;9;0.2822142191;1307.0;0.0;0.0;5.157255E-4;5.157255E-4;3.0
Adult;Loss;25-anonymity;RGR;0.1;0.1;0.05;25;30162;9;0.2822142191;1314.0;0.0;0.0;5.157255E-4;5.157255E-4;3.0
Adult;Loss;25-anonymity;RGR;0.1;0.125;0.05;25;30162;9;0.2822142191;1265.0;0.0;0.0;5.157255E-4;5.157255E-4;3.0
Adult;Loss;25-anonymity;RGR;0.1;0.15;0.05;25;30162;9;0.2822142191;1281.0;0.0;0.0;5.157255E-4;5.157255E-4;3.0
Adult;Loss;25-anonymity;RGR;0.1;0.175;0.05;25;30162;9;0.2822142191;1326.0;0.0;0.0;5.157255E-4;5.157255E-4;3.0
Adult;Loss;25-anonymity;RGR;0.1;0.2;0.05;25;30162;9;0.2822142191;1340.0;0.0;0.0;5.157255E-4;5.157255E-4;3.0
Adult;Loss;25-anonymity;RGR;0.1;0.225;0.05;25;30162;9;0.2822142191;1365.0;0.0;0.0;5.157255E-4;5.157255E-4;3.0
Adult;Loss;25-anonymity;RGR;0.1;0.25;0.05;25;30162;9;0.2805692423;1400.0;0.0;0.0;3.267158E-4;3.267158E-4;3.0
Adult;Loss;25-anonymity;RGR;0.1;0.275;0.05;25;30162;9;0.2805692423;1387.0;0.0;0.0;3.267158E-4;3.267158E-4;3.0
Adult;Loss;25-anonymity;RGR;0.1;0.3;0.05;25;30162;9;0.2805692423;1366.0;0.0;0.0;3.267158E-4;3.267158E-4;3.0
Adult;Loss;25-anonymity;RGR;0.1;0.325;0.05;25;30162;9;0.2805692423;1380.0;0.0;0.0;3.267158E-4;3.267158E-4;3.0
Adult;Loss;25-anonymity;RGR;0.1;0.35;0.05;25;30162;9;0.2805692423;1380.0;0.0;0.0;3.267158E-4;3.267158E-4;3.0
Adult;Loss;25-anonymity;RGR;0.1;0.375;0.05;25;30162;9;0.2805692423;1353.0;0.0;0.0;3.267158E-4;3.267158E-4;3.0
Adult;Loss;25-anonymity;RGR;0.1;0.4;0.05;25;30162;9;0.2805692423;1394.0;0.0;0.0;3.267158E-4;3.267158E-4;3.0
Adult;Loss;25-anonymity;RGR;0.1;0.425;0.05;25;30162;9;0.2805692423;1394.0;0.0;0.0;3.267158E-4;3.267158E-4;3.0
Adult;Loss;25-anonymity;RGR;0.1;0.45;0.05;25;30162;9;0.2805692423;1402.0;0.0;0.0;3.267158E-4;3.267158E-4;3.0
Adult;Loss;25-anonymity;RGR;0.1;0.475;0.05;25;30162;9;0.2805692423;1402.0;0.0;0.0;3.267158E-4;3.267158E-4;3.0
Adult;Loss;25-anonymity;RGR;0.1;0.5;0.05;25;30162;9;0.2805692423;1397.0;0.0;0.0;3.267158E-4;3.267158E-4;3.0
Adult;Loss;25-anonymity;RGR;0.95;0.0;0.05;25;30162;9;0.1150082405;13748.0;23.0;7.625489E-4;0.0019121156;0.0018563902;73.0
Adult;Loss;25-anonymity;RGR;0.95;0.025;0.05;25;30162;9;0.1135353524;21060.0;11.0;3.646973E-4;0.0018097543;0.0017829375;72.0
Adult;Loss;25-anonymity;RGR;0.95;0.05;0.05;25;30162;9;0.1143724228;32918.0;11.0;3.646973E-4;0.0018091233;0.0017823379;71.0
Adult;Loss;25-anonymity;RGR;0.95;0.075;0.05;25;30162;9;0.121560901;29729.0;5.0;1.657715E-4;0.0017290571;0.0017169032;60.0
Adult;Loss;25-anonymity;RGR;0.95;0.1;0.05;25;30162;9;0.1344535026;30227.0;20.0;6.63086E-4;0.0013105261;0.0012622425;53.0
Adult;Loss;25-anonymity;RGR;0.95;0.125;0.05;25;30162;9;0.1511001376;12553.0;12.0;3.978516E-4;0.0012587224;0.00123018;22.0
Adult;Loss;25-anonymity;RGR;0.95;0.15;0.05;25;30162;9;0.1572147767;8681.0;0.0;0.0;0.0012121446;0.0012121446;12.0
Adult;Loss;25-anonymity;RGR;0.95;0.175;0.05;25;30162;9;0.164722834;7721.0;26.0;8.620118E-4;0.0014206624;0.0013589233;11.0
Adult;Loss;25-anonymity;RGR;0.95;0.2;0.05;25;30162;9;0.1772921055;7629.0;0.0;0.0;8.252608E-4;8.252608E-4;10.0
Adult;Loss;25-anonymity;RGR;0.95;0.225;0.05;25;30162;9;0.1781085243;7832.0;9.0;2.983887E-4;8.344232E-4;8.137014E-4;7.0
Adult;Loss;25-anonymity;RGR;0.95;0.25;0.05;25;30162;9;0.1781085243;8110.0;9.0;2.983887E-4;8.344232E-4;8.137014E-4;7.0
Adult;Loss;25-anonymity;RGR;0.95;0.275;0.05;25;30162;9;0.1866818063;7920.0;5.0;1.657715E-4;9.365843E-4;9.252959E-4;7.0
Adult;Loss;25-anonymity;RGR;0.95;0.3;0.05;25;30162;9;0.1866818063;8224.0;5.0;1.657715E-4;9.365843E-4;9.252959E-4;7.0
Adult;Loss;25-anonymity;RGR;0.95;0.325;0.05;25;30162;9;0.1868699653;8528.0;27.0;8.951661E-4;9.312826E-4;8.70227E-4;6.0
Adult;Loss;25-anonymity;RGR;0.95;0.35;0.05;25;30162;9;0.1868699653;8672.0;27.0;8.951661E-4;9.312826E-4;8.70227E-4;6.0
Adult;Loss;25-anonymity;RGR;0.95;0.375;0.05;25;30162;9;0.2137501428;7903.0;22.0;7.293946E-4;5.870616E-4;5.407415E-4;5.0
Adult;Loss;25-anonymity;RGR;0.95;0.4;0.05;25;30162;9;0.2137501428;8036.0;22.0;7.293946E-4;5.870616E-4;5.407415E-4;5.0
Adult;Loss;25-anonymity;RGR;0.95;0.425;0.05;25;30162;9;0.2211671796;8061.0;9.0;2.983887E-4;0.0013576939;0.0013376708;6.0
Adult;Loss;25-anonymity;RGR;0.95;0.45;0.05;25;30162;9;0.2462521695;7549.0;9.0;2.983887E-4;0.0011606392;0.0011404345;5.0
Adult;Loss;25-anonymity;RGR;0.95;0.475;0.05;25;30162;9;0.2462843908;7600.0;9.0;2.983887E-4;0.0011845793;0.0011643959;5.0
Adult;Loss;25-anonymity;RGR;0.95;0.5;0.05;25;30162;9;0.2462843908;7448.0;9.0;2.983887E-4;0.0011845793;0.0011643959;5.0
Adult;Loss;25-anonymity;RGR;0.99999;0.0;0.05;25;30162;9;0.1105120682;58874.0;34.0;0.0011272462;0.0020036626;0.0019212641;243.0
Adult;Loss;25-anonymity;RGR;0.99999;0.025;0.05;25;30162;9;0.1109154833;118868.0;12.0;3.978516E-4;0.0019495194;0.0019203851;253.0
Adult;Loss;25-anonymity;RGR;0.99999;0.05;0.05;25;30162;9;0.1109749235;197131.0;28.0;9.283204E-4;0.001940383;0.0018723501;234.0
Adult;Loss;25-anonymity;RGR;0.99999;0.075;0.05;25;30162;9;0.1187706318;223687.0;17.0;5.636231E-4;0.0019176113;0.0018764257;208.0
Adult;Loss;25-anonymity;RGR;0.99999;0.1;0.05;25;30162;9;0.1313304171;266926.0;16.0;5.304688E-4;0.0015313866;0.0014929493;201.0
Adult;Loss;25-anonymity;RGR;0.99999;0.125;0.05;25;30162;9;0.1448409107;119521.0;7.0;2.320801E-4;0.0013335096;0.0013168012;110.0
Adult;Loss;25-anonymity;RGR;0.99999;0.15;0.05;25;30162;9;0.1548917756;26524.0;10.0;3.31543E-4;0.0010979166;0.001073969;31.0
Adult;Loss;25-anonymity;RGR;0.99999;0.175;0.05;25;30162;9;0.1643000068;10586.0;26.0;8.620118E-4;0.0014148999;0.0013531411;13.0
Adult;Loss;25-anonymity;RGR;0.99999;0.2;0.05;25;30162;9;0.1770767067;9442.0;0.0;0.0;8.199887E-4;8.199887E-4;11.0
Adult;Loss;25-anonymity;RGR;0.99999;0.225;0.05;25;30162;9;0.1781085243;8843.0;9.0;2.983887E-4;8.344232E-4;8.137014E-4;7.0
Adult;Loss;25-anonymity;RGR;0.99999;0.25;0.05;25;30162;9;0.1781085243;9142.0;9.0;2.983887E-4;8.344232E-4;8.137014E-4;7.0
Adult;Loss;25-anonymity;RGR;0.99999;0.275;0.05;25;30162;9;0.1866818063;8841.0;5.0;1.657715E-4;9.365843E-4;9.252959E-4;7.0
Adult;Loss;25-anonymity;RGR;0.99999;0.3;0.05;25;30162;9;0.1866818063;9121.0;5.0;1.657715E-4;9.365843E-4;9.252959E-4;7.0
Adult;Loss;25-anonymity;RGR;0.99999;0.325;0.05;25;30162;9;0.1868699653;9377.0;27.0;8.951661E-4;9.312826E-4;8.70227E-4;6.0
Adult;Loss;25-anonymity;RGR;0.99999;0.35;0.05;25;30162;9;0.1868699653;9533.0;27.0;8.951661E-4;9.312826E-4;8.70227E-4;6.0
Adult;Loss;25-anonymity;RGR;0.99999;0.375;0.05;25;30162;9;0.2137501428;8720.0;22.0;7.293946E-4;5.870616E-4;5.407415E-4;5.0
Adult;Loss;25-anonymity;RGR;0.99999;0.4;0.05;25;30162;9;0.2137501428;8869.0;22.0;7.293946E-4;5.870616E-4;5.407415E-4;5.0
Adult;Loss;25-anonymity;RGR;0.99999;0.425;0.05;25;30162;9;0.2211671796;8747.0;9.0;2.983887E-4;0.0013576939;0.0013376708;6.0
Adult;Loss;25-anonymity;RGR;0.99999;0.45;0.05;25;30162;9;0.2462521695;8106.0;9.0;2.983887E-4;0.0011606392;0.0011404345;5.0
Adult;Loss;25-anonymity;RGR;0.99999;0.475;0.05;25;30162;9;0.2462843908;8146.0;9.0;2.983887E-4;0.0011845793;0.0011643959;5.0
Adult;Loss;25-anonymity;RGR;0.99999;0.5;0.05;25;30162;9;0.2462843908;7956.0;9.0;2.983887E-4;0.0011845793;0.0011643959;5.0
Adult;Loss;50-anonymity;RGR;0.05;0.0;0.05;50;30162;9;0.3930568292;807.0;14.0;4.641602E-4;2.527086E-4;2.241517E-4;3.0
Adult;Loss;50-anonymity;RGR;0.05;0.025;0.05;50;30162;9;0.3930568292;782.0;14.0;4.641602E-4;2.527086E-4;2.241517E-4;3.0
Adult;Loss;50-anonymity;RGR;0.05;0.05;0.05;50;30162;9;0.3930568292;773.0;14.0;4.641602E-4;2.527086E-4;2.241517E-4;3.0
Adult;Loss;50-anonymity;RGR;0.05;0.075;0.05;50;30162;9;0.3930568292;771.0;14.0;4.641602E-4;2.527086E-4;2.241517E-4;3.0
Adult;Loss;50-anonymity;RGR;0.05;0.1;0.05;50;30162;9;0.3930568292;775.0;14.0;4.641602E-4;2.527086E-4;2.241517E-4;3.0
Adult;Loss;50-anonymity;RGR;0.05;0.125;0.05;50;30162;9;0.3930568292;775.0;14.0;4.641602E-4;2.527086E-4;2.241517E-4;3.0
Adult;Loss;50-anonymity;RGR;0.05;0.15;0.05;50;30162;9;0.3930568292;805.0;14.0;4.641602E-4;2.527086E-4;2.241517E-4;3.0
Adult;Loss;50-anonymity;RGR;0.05;0.175;0.05;50;30162;9;0.3930568292;803.0;14.0;4.641602E-4;2.527086E-4;2.241517E-4;3.0
Adult;Loss;50-anonymity;RGR;0.05;0.2;0.05;50;30162;9;0.3930568292;784.0;14.0;4.641602E-4;2.527086E-4;2.241517E-4;3.0
Adult;Loss;50-anonymity;RGR;0.05;0.225;0.05;50;30162;9;0.3930568292;784.0;14.0;4.641602E-4;2.527086E-4;2.241517E-4;3.0
Adult;Loss;50-anonymity;RGR;0.05;0.25;0.05;50;30162;9;0.3930568292;781.0;14.0;4.641602E-4;2.527086E-4;2.241517E-4;3.0
Adult;Loss;50-anonymity;RGR;0.05;0.275;0.05;50;30162;9;0.394330242;785.0;0.0;0.0;3.31451E-4;3.31451E-4;2.0
Adult;Loss;50-anonymity;RGR;0.05;0.3;0.05;50;30162;9;0.394330242;764.0;0.0;0.0;3.31451E-4;3.31451E-4;2.0
Adult;Loss;50-anonymity;RGR;0.05;0.325;0.05;50;30162;9;0.394330242;723.0;0.0;0.0;3.31451E-4;3.31451E-4;2.0
Adult;Loss;50-anonymity;RGR;0.05;0.35;0.05;50;30162;9;0.394330242;728.0;0.0;0.0;3.31451E-4;3.31451E-4;2.0
Adult;Loss;50-anonymity;RGR;0.05;0.375;0.05;50;30162;9;0.394330242;733.0;0.0;0.0;3.31451E-4;3.31451E-4;2.0
Adult;Loss;50-anonymity;RGR;0.05;0.4;0.05;50;30162;9;0.394330242;732.0;0.0;0.0;3.31451E-4;3.31451E-4;2.0
Adult;Loss;50-anonymity;RGR;0.05;0.425;0.05;50;30162;9;0.3971686449;723.0;0.0;0.0;3.132419E-4;3.132419E-4;2.0
Adult;Loss;50-anonymity;RGR;0.05;0.45;0.05;50;30162;9;0.3971686449;723.0;0.0;0.0;3.132419E-4;3.132419E-4;2.0
Adult;Loss;50-anonymity;RGR;0.05;0.475;0.05;50;30162;9;0.3971686449;743.0;0.0;0.0;3.132419E-4;3.132419E-4;2.0
Adult;Loss;50-anonymity;RGR;0.05;0.5;0.05;50;30162;9;0.3971686449;740.0;0.0;0.0;3.132419E-4;3.132419E-4;2.0
Adult;Loss;50-anonymity;RGR;0.1;0.0;0.05;50;30162;9;0.3395298689;1130.0;0.0;0.0;8.279812E-4;8.279812E-4;3.0
Adult;Loss;50-anonymity;RGR;0.1;0.025;0.05;50;30162;9;0.3395298689;1128.0;0.0;0.0;8.279812E-4;8.279812E-4;3.0
Adult;Loss;50-anonymity;RGR;0.1;0.05;0.05;50;30162;9;0.3395298689;1137.0;0.0;0.0;8.279812E-4;8.279812E-4;3.0
Adult;Loss;50-anonymity;RGR;0.1;0.075;0.05;50;30162;9;0.3395298689;1136.0;0.0;0.0;8.279812E-4;8.279812E-4;3.0
Adult;Loss;50-anonymity;RGR;0.1;0.1;0.05;50;30162;9;0.3395298689;1147.0;0.0;0.0;8.279812E-4;8.279812E-4;3.0
Adult;Loss;50-anonymity;RGR;0.1;0.125;0.05;50;30162;9;0.3395298689;1132.0;0.0;0.0;8.279812E-4;8.279812E-4;3.0
Adult;Loss;50-anonymity;RGR;0.1;0.15;0.05;50;30162;9;0.3395298689;1138.0;0.0;0.0;8.279812E-4;8.279812E-4;3.0
Adult;Loss;50-anonymity;RGR;0.1;0.175;0.05;50;30162;9;0.3395298689;1105.0;0.0;0.0;8.279812E-4;8.279812E-4;3.0
Adult;Loss;50-anonymity;RGR;0.1;0.2;0.05;50;30162;9;0.3395298689;1081.0;0.0;0.0;8.279812E-4;8.279812E-4;3.0
Adult;Loss;50-anonymity;RGR;0.1;0.225;0.05;50;30162;9;0.3395298689;1074.0;0.0;0.0;8.279812E-4;8.279812E-4;3.0
Adult;Loss;50-anonymity;RGR;0.1;0.25;0.05;50;30162;9;0.3395298689;1073.0;0.0;0.0;8.279812E-4;8.279812E-4;3.0
Adult;Loss;50-anonymity;RGR;0.1;0.275;0.05;50;30162;9;0.3395298689;1091.0;0.0;0.0;8.279812E-4;8.279812E-4;3.0
Adult;Loss;50-anonymity;RGR;0.1;0.3;0.05;50;30162;9;0.3395298689;1074.0;0.0;0.0;8.279812E-4;8.279812E-4;3.0
Adult;Loss;50-anonymity;RGR;0.1;0.325;0.05;50;30162;9;0.3395298689;1068.0;0.0;0.0;8.279812E-4;8.279812E-4;3.0
Adult;Loss;50-anonymity;RGR;0.1;0.35;0.05;50;30162;9;0.3395298689;1086.0;0.0;0.0;8.279812E-4;8.279812E-4;3.0
Adult;Loss;50-anonymity;RGR;0.1;0.375;0.05;50;30162;9;0.3395298689;1110.0;0.0;0.0;8.279812E-4;8.279812E-4;3.0
Adult;Loss;50-anonymity;RGR;0.1;0.4;0.05;50;30162;9;0.3395298689;1101.0;0.0;0.0;8.279812E-4;8.279812E-4;3.0
Adult;Loss;50-anonymity;RGR;0.1;0.425;0.05;50;30162;9;0.3395298689;1101.0;0.0;0.0;8.279812E-4;8.279812E-4;3.0
Adult;Loss;50-anonymity;RGR;0.1;0.45;0.05;50;30162;9;0.3395298689;1054.0;0.0;0.0;8.279812E-4;8.279812E-4;3.0
Adult;Loss;50-anonymity;RGR;0.1;0.475;0.05;50;30162;9;0.3395298689;1071.0;0.0;0.0;8.279812E-4;8.279812E-4;3.0
Adult;Loss;50-anonymity;RGR;0.1;0.5;0.05;50;30162;9;0.3395298689;1089.0;0.0;0.0;8.279812E-4;8.279812E-4;3.0
Adult;Loss;50-anonymity;RGR;0.95;0.0;0.05;50;30162;9;0.1472947595;16292.0;15.0;4.973145E-4;0.0023913759;0.0023562498;68.0
Adult;Loss;50-anonymity;RGR;0.95;0.025;0.05;50;30162;9;0.147895744;20946.0;20.0;6.63086E-4;0.0022780797;0.002231122;58.0
Adult;Loss;50-anonymity;RGR;0.95;0.05;0.05;50;30162;9;0.1473027276;32927.0;59.0;0.0019561037;0.0022576119;0.0021186196;62.0
Adult;Loss;50-anonymity;RGR;0.95;0.075;0.05;50;30162;9;0.1487548861;35342.0;13.0;4.310059E-4;0.002191263;0.0021606457;56.0
Adult;Loss;50-anonymity;RGR;0.95;0.1;0.05;50;30162;9;0.1602875361;30456.0;4.0;1.326172E-4;0.0017279609;0.0017185566;49.0
Adult;Loss;50-anonymity;RGR;0.95;0.125;0.05;50;30162;9;0.1734807752;16227.0;49.0;0.0016245607;0.001464896;0.0013494069;25.0
Adult;Loss;50-anonymity;RGR;0.95;0.15;0.05;50;30162;9;0.1814160409;9698.0;31.0;0.0010277833;0.0012937543;0.0012203533;16.0
Adult;Loss;50-anonymity;RGR;0.95;0.175;0.05;50;30162;9;0.2006039917;7581.0;33.0;0.0010940919;8.341842E-4;7.584528E-4;10.0
Adult;Loss;50-anonymity;RGR;0.95;0.2;0.05;50;30162;9;0.2009307121;7817.0;30.0;9.94629E-4;8.569834E-4;7.882177E-4;7.0
Adult;Loss;50-anonymity;RGR;0.95;0.225;0.05;50;30162;9;0.2009307121;8206.0;30.0;9.94629E-4;8.569834E-4;7.882177E-4;7.0
Adult;Loss;50-anonymity;RGR;0.95;0.25;0.05;50;30162;9;0.2139783207;7930.0;9.0;2.983887E-4;0.0011862654;0.001165871;6.0
Adult;Loss;50-anonymity;RGR;0.95;0.275;0.05;50;30162;9;0.2366698637;6835.0;53.0;0.0017571779;7.690291E-4;6.490964E-4;5.0
Adult;Loss;50-anonymity;RGR;0.95;0.3;0.05;50;30162;9;0.2366698637;6978.0;53.0;0.0017571779;7.690291E-4;6.490964E-4;5.0
Adult;Loss;50-anonymity;RGR;0.95;0.325;0.05;50;30162;9;0.2366698637;7182.0;53.0;0.0017571779;7.690291E-4;6.490964E-4;5.0
Adult;Loss;50-anonymity;RGR;0.95;0.35;0.05;50;30162;9;0.2366698637;7323.0;53.0;0.0017571779;7.690291E-4;6.490964E-4;5.0
Adult;Loss;50-anonymity;RGR;0.95;0.375;0.05;50;30162;9;0.2366698637;7389.0;53.0;0.0017571779;7.690291E-4;6.490964E-4;5.0
Adult;Loss;50-anonymity;RGR;0.95;0.4;0.05;50;30162;9;0.2366698637;7471.0;53.0;0.0017571779;7.690291E-4;6.490964E-4;5.0
Adult;Loss;50-anonymity;RGR;0.95;0.425;0.05;50;30162;9;0.2675029157;6898.0;14.0;4.641602E-4;5.371013E-4;5.078324E-4;4.0
Adult;Loss;50-anonymity;RGR;0.95;0.45;0.05;50;30162;9;0.2675029157;6943.0;14.0;4.641602E-4;5.371013E-4;5.078324E-4;4.0
Adult;Loss;50-anonymity;RGR;0.95;0.475;0.05;50;30162;9;0.2675029157;6997.0;14.0;4.641602E-4;5.371013E-4;5.078324E-4;4.0
Adult;Loss;50-anonymity;RGR;0.95;0.5;0.05;50;30162;9;0.2722401334;6864.0;14.0;4.641602E-4;2.649732E-4;2.352881E-4;4.0
Adult;Loss;50-anonymity;RGR;0.99999;0.0;0.05;50;30162;9;0.1437931243;55543.0;24.0;7.957032E-4;0.0024177409;0.0023614149;183.0
Adult;Loss;50-anonymity;RGR;0.99999;0.025;0.05;50;30162;9;0.143605691;93470.0;50.0;0.001657715;0.0024489114;0.0023315317;173.0
Adult;Loss;50-anonymity;RGR;0.99999;0.05;0.05;50;30162;9;0.1434693418;155683.0;44.0;0.0014587892;0.0023588783;0.0022551416;171.0
Adult;Loss;50-anonymity;RGR;0.99999;0.075;0.05;50;30162;9;0.1464745883;182347.0;63.0;0.0020887209;0.0022361195;0.002087054;157.0
Adult;Loss;50-anonymity;RGR;0.99999;0.1;0.05;50;30162;9;0.1566397859;184153.0;30.0;9.94629E-4;0.0018558466;0.0017852903;143.0
Adult;Loss;50-anonymity;RGR;0.99999;0.125;0.05;50;30162;9;0.1691874069;94293.0;9.0;2.983887E-4;0.0017895785;0.0017686216;79.0
Adult;Loss;50-anonymity;RGR;0.99999;0.15;0.05;50;30162;9;0.1803596196;21988.0;12.0;3.978516E-4;0.0015247645;0.0014966186;27.0
Adult;Loss;50-anonymity;RGR;0.99999;0.175;0.05;50;30162;9;0.1999205348;9582.0;5.0;1.657715E-4;8.285065E-4;8.170484E-4;10.0
Adult;Loss;50-anonymity;RGR;0.99999;0.2;0.05;50;30162;9;0.2009307121;9558.0;30.0;9.94629E-4;8.569834E-4;7.882177E-4;7.0
Adult;Loss;50-anonymity;RGR;0.99999;0.225;0.05;50;30162;9;0.2009307121;9925.0;30.0;9.94629E-4;8.569834E-4;7.882177E-4;7.0
Adult;Loss;50-anonymity;RGR;0.99999;0.25;0.05;50;30162;9;0.2139783207;9549.0;9.0;2.983887E-4;0.0011862654;0.001165871;6.0
Adult;Loss;50-anonymity;RGR;0.99999;0.275;0.05;50;30162;9;0.2366698637;8110.0;53.0;0.0017571779;7.690291E-4;6.490964E-4;5.0
Adult;Loss;50-anonymity;RGR;0.99999;0.3;0.05;50;30162;9;0.2366698637;8258.0;53.0;0.0017571779;7.690291E-4;6.490964E-4;5.0
Adult;Loss;50-anonymity;RGR;0.99999;0.325;0.05;50;30162;9;0.2366698637;8426.0;53.0;0.0017571779;7.690291E-4;6.490964E-4;5.0
Adult;Loss;50-anonymity;RGR;0.99999;0.35;0.05;50;30162;9;0.2366698637;8564.0;53.0;0.0017571779;7.690291E-4;6.490964E-4;5.0
Adult;Loss;50-anonymity;RGR;0.99999;0.375;0.05;50;30162;9;0.2366698637;8644.0;53.0;0.0017571779;7.690291E-4;6.490964E-4;5.0
Adult;Loss;50-anonymity;RGR;0.99999;0.4;0.05;50;30162;9;0.2366698637;8726.0;53.0;0.0017571779;7.690291E-4;6.490964E-4;5.0
Adult;Loss;50-anonymity;RGR;0.99999;0.425;0.05;50;30162;9;0.2675029157;8052.0;14.0;4.641602E-4;5.371013E-4;5.078324E-4;4.0
Adult;Loss;50-anonymity;RGR;0.99999;0.45;0.05;50;30162;9;0.2675029157;8119.0;14.0;4.641602E-4;5.371013E-4;5.078324E-4;4.0
Adult;Loss;50-anonymity;RGR;0.99999;0.475;0.05;50;30162;9;0.2675029157;8149.0;14.0;4.641602E-4;5.371013E-4;5.078324E-4;4.0
Adult;Loss;50-anonymity;RGR;0.99999;0.5;0.05;50;30162;9;0.2722401334;7970.0;14.0;4.641602E-4;2.649732E-4;2.352881E-4;4.0
Cup;Loss;5-anonymity;RGR;0.05;0.0;0.05;5;63441;8;0.1153231017;8222.0;5.0;7.88134E-5;1.32508E-5;1.2171E-5;4.0
Cup;Loss;5-anonymity;RGR;0.05;0.025;0.05;5;63441;8;0.1153231017;8266.0;5.0;7.88134E-5;1.32508E-5;1.2171E-5;4.0
Cup;Loss;5-anonymity;RGR;0.05;0.05;0.05;5;63441;8;0.1153231017;8229.0;5.0;7.88134E-5;1.32508E-5;1.2171E-5;4.0
Cup;Loss;5-anonymity;RGR;0.05;0.075;0.05;5;63441;8;0.1153231017;8373.0;5.0;7.88134E-5;1.32508E-5;1.2171E-5;4.0
Cup;Loss;5-anonymity;RGR;0.05;0.1;0.05;5;63441;8;0.1153231017;8315.0;5.0;7.88134E-5;1.32508E-5;1.2171E-5;4.0
Cup;Loss;5-anonymity;RGR;0.05;0.125;0.05;5;63441;8;0.1153231017;8309.0;5.0;7.88134E-5;1.32508E-5;1.2171E-5;4.0
Cup;Loss;5-anonymity;RGR;0.05;0.15;0.05;5;63441;8;0.1153231017;8341.0;5.0;7.88134E-5;1.32508E-5;1.2171E-5;4.0
Cup;Loss;5-anonymity;RGR;0.05;0.175;0.05;5;63441;8;0.1153231017;8245.0;5.0;7.88134E-5;1.32508E-5;1.2171E-5;4.0
Cup;Loss;5-anonymity;RGR;0.05;0.2;0.05;5;63441;8;0.1153231017;8302.0;5.0;7.88134E-5;1.32508E-5;1.2171E-5;4.0
Cup;Loss;5-anonymity;RGR;0.05;0.225;0.05;5;63441;8;0.1153231017;8365.0;5.0;7.88134E-5;1.32508E-5;1.2171E-5;4.0
Cup;Loss;5-anonymity;RGR;0.05;0.25;0.05;5;63441;8;0.1153231017;8311.0;5.0;7.88134E-5;1.32508E-5;1.2171E-5;4.0
Cup;Loss;5-anonymity;RGR;0.05;0.275;0.05;5;63441;8;0.1153231017;8294.0;5.0;7.88134E-5;1.32508E-5;1.2171E-5;4.0
Cup;Loss;5-anonymity;RGR;0.05;0.3;0.05;5;63441;8;0.1153231017;8527.0;5.0;7.88134E-5;1.32508E-5;1.2171E-5;4.0
Cup;Loss;5-anonymity;RGR;0.05;0.325;0.05;5;63441;8;0.1153231017;8278.0;5.0;7.88134E-5;1.32508E-5;1.2171E-5;4.0
Cup;Loss;5-anonymity;RGR;0.05;0.35;0.05;5;63441;8;0.1153231017;8370.0;5.0;7.88134E-5;1.32508E-5;1.2171E-5;4.0
Cup;Loss;5-anonymity;RGR;0.05;0.375;0.05;5;63441;8;0.1153231017;8473.0;5.0;7.88134E-5;1.32508E-5;1.2171E-5;4.0
Cup;Loss;5-anonymity;RGR;0.05;0.4;0.05;5;63441;8;0.1153231017;8532.0;5.0;7.88134E-5;1.32508E-5;1.2171E-5;4.0
Cup;Loss;5-anonymity;RGR;0.05;0.425;0.05;5;63441;8;0.1153231017;8805.0;5.0;7.88134E-5;1.32508E-5;1.2171E-5;4.0
Cup;Loss;5-anonymity;RGR;0.05;0.45;0.05;5;63441;8;0.1153231017;8670.0;5.0;7.88134E-5;1.32508E-5;1.2171E-5;4.0
Cup;Loss;5-anonymity;RGR;0.05;0.475;0.05;5;63441;8;0.1153231017;8389.0;5.0;7.88134E-5;1.32508E-5;1.2171E-5;4.0
Cup;Loss;5-anonymity;RGR;0.05;0.5;0.05;5;63441;8;0.1153231017;8234.0;5.0;7.88134E-5;1.32508E-5;1.2171E-5;4.0
Cup;Loss;5-anonymity;RGR;0.1;0.0;0.05;5;63441;8;0.1058127616;8260.0;3.0;4.7288E-5;1.745713E-4;1.73962E-4;5.0
Cup;Loss;5-anonymity;RGR;0.1;0.025;0.05;5;63441;8;0.1058127616;8307.0;3.0;4.7288E-5;1.745713E-4;1.73962E-4;5.0
Cup;Loss;5-anonymity;RGR;0.1;0.05;0.05;5;63441;8;0.1058127616;8135.0;3.0;4.7288E-5;1.745713E-4;1.73962E-4;5.0
Cup;Loss;5-anonymity;RGR;0.1;0.075;0.05;5;63441;8;0.1058127616;8211.0;3.0;4.7288E-5;1.745713E-4;1.73962E-4;5.0
Cup;Loss;5-anonymity;RGR;0.1;0.1;0.05;5;63441;8;0.1058127616;8299.0;3.0;4.7288E-5;1.745713E-4;1.73962E-4;5.0
Cup;Loss;5-anonymity;RGR;0.1;0.125;0.05;5;63441;8;0.1058127616;8286.0;3.0;4.7288E-5;1.745713E-4;1.73962E-4;5.0
Cup;Loss;5-anonymity;RGR;0.1;0.15;0.05;5;63441;8;0.1058127616;8329.0;3.0;4.7288E-5;1.745713E-4;1.73962E-4;5.0
Cup;Loss;5-anonymity;RGR;0.1;0.175;0.05;5;63441;8;0.1058127616;8375.0;3.0;4.7288E-5;1.745713E-4;1.73962E-4;5.0
Cup;Loss;5-anonymity;RGR;0.1;0.2;0.05;5;63441;8;0.1058127616;8340.0;3.0;4.7288E-5;1.745713E-4;1.73962E-4;5.0
Cup;Loss;5-anonymity;RGR;0.1;0.225;0.05;5;63441;8;0.1139578443;7971.0;2.0;3.15254E-5;1.28785E-5;1.24469E-5;5.0
Cup;Loss;5-anonymity;RGR;0.1;0.25;0.05;5;63441;8;0.1139578443;7898.0;2.0;3.15254E-5;1.28785E-5;1.24469E-5;5.0
Cup;Loss;5-anonymity;RGR;0.1;0.275;0.05;5;63441;8;0.1139578443;8044.0;2.0;3.15254E-5;1.28785E-5;1.24469E-5;5.0
Cup;Loss;5-anonymity;RGR;0.1;0.3;0.05;5;63441;8;0.1139578443;7952.0;2.0;3.15254E-5;1.28785E-5;1.24469E-5;5.0
Cup;Loss;5-anonymity;RGR;0.1;0.325;0.05;5;63441;8;0.1139578443;8023.0;2.0;3.15254E-5;1.28785E-5;1.24469E-5;5.0
Cup;Loss;5-anonymity;RGR;0.1;0.35;0.05;5;63441;8;0.1139578443;8306.0;2.0;3.15254E-5;1.28785E-5;1.24469E-5;5.0
Cup;Loss;5-anonymity;RGR;0.1;0.375;0.05;5;63441;8;0.1139578443;8360.0;2.0;3.15254E-5;1.28785E-5;1.24469E-5;5.0
Cup;Loss;5-anonymity;RGR;0.1;0.4;0.05;5;63441;8;0.1139578443;8303.0;2.0;3.15254E-5;1.28785E-5;1.24469E-5;5.0
Cup;Loss;5-anonymity;RGR;0.1;0.425;0.05;5;63441;8;0.1139578443;8391.0;2.0;3.15254E-5;1.28785E-5;1.24469E-5;5.0
Cup;Loss;5-anonymity;RGR;0.1;0.45;0.05;5;63441;8;0.1139578443;8340.0;2.0;3.15254E-5;1.28785E-5;1.24469E-5;5.0
Cup;Loss;5-anonymity;RGR;0.1;0.475;0.05;5;63441;8;0.1139578443;8368.0;2.0;3.15254E-5;1.28785E-5;1.24469E-5;5.0
Cup;Loss;5-anonymity;RGR;0.1;0.5;0.05;5;63441;8;0.1146117699;8825.0;1.0;1.57627E-5;2.928E-5;2.90647E-5;5.0
Cup;Loss;5-anonymity;RGR;0.95;0.0;0.05;5;63441;8;0.0694123793;58022.0;2.0;3.15254E-5;2.175416E-4;2.171361E-4;83.0
Cup;Loss;5-anonymity;RGR;0.95;0.025;0.05;5;63441;8;0.0741938404;38430.0;4.0;6.30507E-5;1.963178E-4;1.955018E-4;68.0
Cup;Loss;5-anonymity;RGR;0.95;0.05;0.05;5;63441;8;0.0833740666;29313.0;2.0;3.15254E-5;1.676818E-4;1.672691E-4;56.0
Cup;Loss;5-anonymity;RGR;0.95;0.075;0.05;5;63441;8;0.093731045;19863.0;4.0;6.30507E-5;2.772237E-4;2.764463E-4;30.0
Cup;Loss;5-anonymity;RGR;0.95;0.1;0.05;5;63441;8;0.0941683371;20404.0;2.0;3.15254E-5;2.721308E-4;2.717418E-4;25.0
Cup;Loss;5-anonymity;RGR;0.95;0.125;0.05;5;63441;8;0.100236032;20043.0;3.0;4.7288E-5;1.732195E-4;1.726099E-4;19.0
Cup;Loss;5-anonymity;RGR;0.95;0.15;0.05;5;63441;8;0.1002642704;20283.0;2.0;3.15254E-5;1.750844E-4;1.746782E-4;15.0
Cup;Loss;5-anonymity;RGR;0.95;0.175;0.05;5;63441;8;0.1013122623;20485.0;1.0;1.57627E-5;3.260264E-4;3.258289E-4;11.0
Cup;Loss;5-anonymity;RGR;0.95;0.2;0.05;5;63441;8;0.104540281;20597.0;1.0;1.57627E-5;1.751331E-4;1.7493E-4;11.0
Cup;Loss;5-anonymity;RGR;0.95;0.225;0.05;5;63441;8;0.1112485855;20110.0;4.0;6.30507E-5;1.035207E-4;1.026866E-4;9.0
Cup;Loss;5-anonymity;RGR;0.95;0.25;0.05;5;63441;8;0.1112485855;20526.0;4.0;6.30507E-5;1.035207E-4;1.026866E-4;9.0
Cup;Loss;5-anonymity;RGR;0.95;0.275;0.05;5;63441;8;0.1113912302;20747.0;1.0;1.57627E-5;1.041158E-4;1.039074E-4;7.0
Cup;Loss;5-anonymity;RGR;0.95;0.3;0.05;5;63441;8;0.1113912302;21128.0;1.0;1.57627E-5;1.041158E-4;1.039074E-4;7.0
Cup;Loss;5-anonymity;RGR;0.95;0.325;0.05;5;63441;8;0.1113912302;21605.0;1.0;1.57627E-5;1.041158E-4;1.039074E-4;7.0
Cup;Loss;5-anonymity;RGR;0.95;0.35;0.05;5;63441;8;0.1113958128;21673.0;1.0;1.57627E-5;1.035702E-4;1.033617E-4;6.0
Cup;Loss;5-anonymity;RGR;0.95;0.375;0.05;5;63441;8;0.1113958128;22156.0;1.0;1.57627E-5;1.035702E-4;1.033617E-4;6.0
Cup;Loss;5-anonymity;RGR;0.95;0.4;0.05;5;63441;8;0.113825261;22826.0;2.0;3.15254E-5;1.42351E-5;1.38036E-5;6.0
Cup;Loss;5-anonymity;RGR;0.95;0.425;0.05;5;63441;8;0.113825261;23034.0;2.0;3.15254E-5;1.42351E-5;1.38036E-5;6.0
Cup;Loss;5-anonymity;RGR;0.95;0.45;0.05;5;63441;8;0.113825261;23694.0;2.0;3.15254E-5;1.42351E-5;1.38036E-5;6.0
Cup;Loss;5-anonymity;RGR;0.95;0.475;0.05;5;63441;8;0.113825261;24728.0;2.0;3.15254E-5;1.42351E-5;1.38036E-5;6.0
Cup;Loss;5-anonymity;RGR;0.95;0.5;0.05;5;63441;8;0.1144282871;25560.0;2.0;3.15254E-5;1.07518E-5;1.03198E-5;6.0
Cup;Loss;5-anonymity;RGR;0.99999;0.0;0.05;5;63441;8;0.0681230644;241299.0;1.0;1.57627E-5;2.204551E-4;2.202524E-4;273.0
Cup;Loss;5-anonymity;RGR;0.99999;0.025;0.05;5;63441;8;0.0726963601;201408.0;4.0;6.30507E-5;2.063986E-4;2.055851E-4;221.0
Cup;Loss;5-anonymity;RGR;0.99999;0.05;0.05;5;63441;8;0.0831536791;102164.0;1.0;1.57627E-5;1.717958E-4;1.715899E-4;164.0
Cup;Loss;5-anonymity;RGR;0.99999;0.075;0.05;5;63441;8;0.0933587818;56054.0;3.0;4.7288E-5;2.863866E-4;2.858038E-4;90.0
Cup;Loss;5-anonymity;RGR;0.99999;0.1;0.05;5;63441;8;0.0940062093;38322.0;5.0;7.88134E-5;2.759862E-4;2.75014E-4;40.0
Cup;Loss;5-anonymity;RGR;0.99999;0.125;0.05;5;63441;8;0.1001885713;33522.0;4.0;6.30507E-5;1.767348E-4;1.759225E-4;24.0
Cup;Loss;5-anonymity;RGR;0.99999;0.15;0.05;5;63441;8;0.1002615325;33609.0;4.0;6.30507E-5;1.742374E-4;1.734248E-4;17.0
Cup;Loss;5-anonymity;RGR;0.99999;0.175;0.05;5;63441;8;0.1013122623;34146.0;1.0;1.57627E-5;3.260264E-4;3.258289E-4;11.0
Cup;Loss;5-anonymity;RGR;0.99999;0.2;0.05;5;63441;8;0.1044902445;35599.0;5.0;7.88134E-5;1.749957E-4;1.7398E-4;13.0
Cup;Loss;5-anonymity;RGR;0.99999;0.225;0.05;5;63441;8;0.1112485855;34305.0;4.0;6.30507E-5;1.035207E-4;1.026866E-4;9.0
Cup;Loss;5-anonymity;RGR;0.99999;0.25;0.05;5;63441;8;0.1112485855;36299.0;4.0;6.30507E-5;1.035207E-4;1.026866E-4;9.0
Cup;Loss;5-anonymity;RGR;0.99999;0.275;0.05;5;63441;8;0.1113912302;35223.0;1.0;1.57627E-5;1.041158E-4;1.039074E-4;7.0
Cup;Loss;5-anonymity;RGR;0.99999;0.3;0.05;5;63441;8;0.1113912302;36910.0;1.0;1.57627E-5;1.041158E-4;1.039074E-4;7.0
Cup;Loss;5-anonymity;RGR;0.99999;0.325;0.05;5;63441;8;0.1113912302;37477.0;1.0;1.57627E-5;1.041158E-4;1.039074E-4;7.0
Cup;Loss;5-anonymity;RGR;0.99999;0.35;0.05;5;63441;8;0.1113958128;38919.0;1.0;1.57627E-5;1.035702E-4;1.033617E-4;6.0
Cup;Loss;5-anonymity;RGR;0.99999;0.375;0.05;5;63441;8;0.1113958128;40855.0;1.0;1.57627E-5;1.035702E-4;1.033617E-4;6.0
Cup;Loss;5-anonymity;RGR;0.99999;0.4;0.05;5;63441;8;0.113825261;41386.0;2.0;3.15254E-5;1.42351E-5;1.38036E-5;6.0
Cup;Loss;5-anonymity;RGR;0.99999;0.425;0.05;5;63441;8;0.113825261;41776.0;2.0;3.15254E-5;1.42351E-5;1.38036E-5;6.0
Cup;Loss;5-anonymity;RGR;0.99999;0.45;0.05;5;63441;8;0.113825261;43228.0;2.0;3.15254E-5;1.42351E-5;1.38036E-5;6.0
Cup;Loss;5-anonymity;RGR;0.99999;0.475;0.05;5;63441;8;0.113825261;44737.0;2.0;3.15254E-5;1.42351E-5;1.38036E-5;6.0
Cup;Loss;5-anonymity;RGR;0.99999;0.5;0.05;5;63441;8;0.1144282871;44174.0;2.0;3.15254E-5;1.07518E-5;1.03198E-5;6.0
Cup;Loss;10-anonymity;RGR;0.05;0.0;0.05;10;63441;8;0.1564827842;8807.0;4.0;6.30507E-5;1.48241E-5;1.44413E-5;4.0
Cup;Loss;10-anonymity;RGR;0.05;0.025;0.05;10;63441;8;0.1564827842;8271.0;4.0;6.30507E-5;1.48241E-5;1.44413E-5;4.0
Cup;Loss;10-anonymity;RGR;0.05;0.05;0.05;10;63441;8;0.1564827842;8377.0;4.0;6.30507E-5;1.48241E-5;1.44413E-5;4.0
Cup;Loss;10-anonymity;RGR;0.05;0.075;0.05;10;63441;8;0.1564827842;8282.0;4.0;6.30507E-5;1.48241E-5;1.44413E-5;4.0
Cup;Loss;10-anonymity;RGR;0.05;0.1;0.05;10;63441;8;0.1563959427;8206.0;4.0;6.30507E-5;1.28277E-5;1.24447E-5;4.0
Cup;Loss;10-anonymity;RGR;0.05;0.125;0.05;10;63441;8;0.1563959427;8342.0;4.0;6.30507E-5;1.28277E-5;1.24447E-5;4.0
Cup;Loss;10-anonymity;RGR;0.05;0.15;0.05;10;63441;8;0.1563959427;8718.0;4.0;6.30507E-5;1.28277E-5;1.24447E-5;4.0
Cup;Loss;10-anonymity;RGR;0.05;0.175;0.05;10;63441;8;0.1563959427;8600.0;4.0;6.30507E-5;1.28277E-5;1.24447E-5;4.0
Cup;Loss;10-anonymity;RGR;0.05;0.2;0.05;10;63441;8;0.1563959427;8538.0;4.0;6.30507E-5;1.28277E-5;1.24447E-5;4.0
Cup;Loss;10-anonymity;RGR;0.05;0.225;0.05;10;63441;8;0.1563959427;8514.0;4.0;6.30507E-5;1.28277E-5;1.24447E-5;4.0
Cup;Loss;10-anonymity;RGR;0.05;0.25;0.05;10;63441;8;0.1563959427;8522.0;4.0;6.30507E-5;1.28277E-5;1.24447E-5;4.0
Cup;Loss;10-anonymity;RGR;0.05;0.275;0.05;10;63441;8;0.1563959427;8988.0;4.0;6.30507E-5;1.28277E-5;1.24447E-5;4.0
Cup;Loss;10-anonymity;RGR;0.05;0.3;0.05;10;63441;8;0.1563959427;9016.0;4.0;6.30507E-5;1.28277E-5;1.24447E-5;4.0
Cup;Loss;10-anonymity;RGR;0.05;0.325;0.05;10;63441;8;0.1563959427;8887.0;4.0;6.30507E-5;1.28277E-5;1.24447E-5;4.0
Cup;Loss;10-anonymity;RGR;0.05;0.35;0.05;10;63441;8;0.1563959427;8901.0;4.0;6.30507E-5;1.28277E-5;1.24447E-5;4.0
Cup;Loss;10-anonymity;RGR;0.05;0.375;0.05;10;63441;8;0.1563959427;8740.0;4.0;6.30507E-5;1.28277E-5;1.24447E-5;4.0
Cup;Loss;10-anonymity;RGR;0.05;0.4;0.05;10;63441;8;0.1633404478;8577.0;4.0;6.30507E-5;6.2635E-6;5.8804E-6;4.0
Cup;Loss;10-anonymity;RGR;0.05;0.425;0.05;10;63441;8;0.1633404478;8528.0;4.0;6.30507E-5;6.2635E-6;5.8804E-6;4.0
Cup;Loss;10-anonymity;RGR;0.05;0.45;0.05;10;63441;8;0.1633404478;8316.0;4.0;6.30507E-5;6.2635E-6;5.8804E-6;4.0
Cup;Loss;10-anonymity;RGR;0.05;0.475;0.05;10;63441;8;0.1633404478;8512.0;4.0;6.30507E-5;6.2635E-6;5.8804E-6;4.0
Cup;Loss;10-anonymity;RGR;0.05;0.5;0.05;10;63441;8;0.1633404478;8433.0;4.0;6.30507E-5;6.2635E-6;5.8804E-6;4.0
Cup;Loss;10-anonymity;RGR;0.1;0.0;0.05;10;63441;8;0.1242986108;8330.0;3.0;4.7288E-5;7.08177E-5;7.01777E-5;5.0
Cup;Loss;10-anonymity;RGR;0.1;0.025;0.05;10;63441;8;0.1242986108;8321.0;3.0;4.7288E-5;7.08177E-5;7.01777E-5;5.0
Cup;Loss;10-anonymity;RGR;0.1;0.05;0.05;10;63441;8;0.1242986108;8481.0;3.0;4.7288E-5;7.08177E-5;7.01777E-5;5.0
Cup;Loss;10-anonymity;RGR;0.1;0.075;0.05;10;63441;8;0.1242986108;8538.0;3.0;4.7288E-5;7.08177E-5;7.01777E-5;5.0
Cup;Loss;10-anonymity;RGR;0.1;0.1;0.05;10;63441;8;0.1242986108;8449.0;3.0;4.7288E-5;7.08177E-5;7.01777E-5;5.0
Cup;Loss;10-anonymity;RGR;0.1;0.125;0.05;10;63441;8;0.1242986108;8448.0;3.0;4.7288E-5;7.08177E-5;7.01777E-5;5.0
Cup;Loss;10-anonymity;RGR;0.1;0.15;0.05;10;63441;8;0.1242986108;8476.0;3.0;4.7288E-5;7.08177E-5;7.01777E-5;5.0
Cup;Loss;10-anonymity;RGR;0.1;0.175;0.05;10;63441;8;0.1242986108;8614.0;3.0;4.7288E-5;7.08177E-5;7.01777E-5;5.0
Cup;Loss;10-anonymity;RGR;0.1;0.2;0.05;10;63441;8;0.1242986108;8713.0;3.0;4.7288E-5;7.08177E-5;7.01777E-5;5.0
Cup;Loss;10-anonymity;RGR;0.1;0.225;0.05;10;63441;8;0.1242986108;8651.0;3.0;4.7288E-5;7.08177E-5;7.01777E-5;5.0
Cup;Loss;10-anonymity;RGR;0.1;0.25;0.05;10;63441;8;0.1242986108;8574.0;3.0;4.7288E-5;7.08177E-5;7.01777E-5;5.0
Cup;Loss;10-anonymity;RGR;0.1;0.275;0.05;10;63441;8;0.1242986108;8748.0;3.0;4.7288E-5;7.08177E-5;7.01777E-5;5.0
Cup;Loss;10-anonymity;RGR;0.1;0.3;0.05;10;63441;8;0.1242986108;8375.0;3.0;4.7288E-5;7.08177E-5;7.01777E-5;5.0
Cup;Loss;10-anonymity;RGR;0.1;0.325;0.05;10;63441;8;0.1242986108;8781.0;3.0;4.7288E-5;7.08177E-5;7.01777E-5;5.0
Cup;Loss;10-anonymity;RGR;0.1;0.35;0.05;10;63441;8;0.1242986108;8795.0;3.0;4.7288E-5;7.08177E-5;7.01777E-5;5.0
Cup;Loss;10-anonymity;RGR;0.1;0.375;0.05;10;63441;8;0.1242986108;8774.0;3.0;4.7288E-5;7.08177E-5;7.01777E-5;5.0
Cup;Loss;10-anonymity;RGR;0.1;0.4;0.05;10;63441;8;0.1242986108;8783.0;3.0;4.7288E-5;7.08177E-5;7.01777E-5;5.0
Cup;Loss;10-anonymity;RGR;0.1;0.425;0.05;10;63441;8;0.1242260321;8746.0;2.0;3.15254E-5;2.25177E-5;2.20875E-5;5.0
Cup;Loss;10-anonymity;RGR;0.1;0.45;0.05;10;63441;8;0.1242260321;9413.0;2.0;3.15254E-5;2.25177E-5;2.20875E-5;5.0
Cup;Loss;10-anonymity;RGR;0.1;0.475;0.05;10;63441;8;0.1242260321;9499.0;2.0;3.15254E-5;2.25177E-5;2.20875E-5;5.0
Cup;Loss;10-anonymity;RGR;0.1;0.5;0.05;10;63441;8;0.1242260321;9740.0;2.0;3.15254E-5;2.25177E-5;2.20875E-5;5.0
Cup;Loss;10-anonymity;RGR;0.95;0.0;0.05;10;63441;8;0.086225417;72452.0;9.0;1.418641E-4;4.336192E-4;4.319295E-4;71.0
Cup;Loss;10-anonymity;RGR;0.95;0.025;0.05;10;63441;8;0.0892066924;52291.0;7.0;1.103387E-4;4.275475E-4;4.262333E-4;65.0
Cup;Loss;10-anonymity;RGR;0.95;0.05;0.05;10;63441;8;0.0998890337;24069.0;7.0;1.103387E-4;3.834955E-4;3.821726E-4;40.0
Cup;Loss;10-anonymity;RGR;0.95;0.075;0.05;10;63441;8;0.1038068927;20931.0;3.0;4.7288E-5;4.880459E-4;4.875191E-4;28.0
Cup;Loss;10-anonymity;RGR;0.95;0.1;0.05;10;63441;8;0.1094007719;18520.0;9.0;1.418641E-4;3.045674E-4;3.028479E-4;20.0
Cup;Loss;10-anonymity;RGR;0.95;0.125;0.05;10;63441;8;0.1151975379;17657.0;5.0;7.88134E-5;1.968473E-4;1.958438E-4;12.0
Cup;Loss;10-anonymity;RGR;0.95;0.15;0.05;10;63441;8;0.1181600456;18020.0;0.0;0.0;5.669264E-4;5.669264E-4;12.0
Cup;Loss;10-anonymity;RGR;0.95;0.175;0.05;10;63441;8;0.1185323888;18189.0;6.0;9.45761E-5;1.976164E-4;1.964123E-4;11.0
Cup;Loss;10-anonymity;RGR;0.95;0.2;0.05;10;63441;8;0.1185667147;18966.0;5.0;7.88134E-5;1.991013E-4;1.980982E-4;10.0
Cup;Loss;10-anonymity;RGR;0.95;0.225;0.05;10;63441;8;0.119228214;19462.0;1.0;1.57627E-5;1.980046E-4;1.97804E-4;9.0
Cup;Loss;10-anonymity;RGR;0.95;0.25;0.05;10;63441;8;0.1192400733;20156.0;9.0;1.418641E-4;1.97351E-4;1.955446E-4;7.0
Cup;Loss;10-anonymity;RGR;0.95;0.275;0.05;10;63441;8;0.1192400733;21028.0;9.0;1.418641E-4;1.97351E-4;1.955446E-4;7.0
Cup;Loss;10-anonymity;RGR;0.95;0.3;0.05;10;63441;8;0.1192471529;21497.0;8.0;1.261014E-4;1.955259E-4;1.939199E-4;7.0
Cup;Loss;10-anonymity;RGR;0.95;0.325;0.05;10;63441;8;0.11925176;21976.0;3.0;4.7288E-5;1.949562E-4;1.943539E-4;7.0
Cup;Loss;10-anonymity;RGR;0.95;0.35;0.05;10;63441;8;0.1194734535;22338.0;4.0;6.30507E-5;1.948582E-4;1.940552E-4;6.0
Cup;Loss;10-anonymity;RGR;0.95;0.375;0.05;10;63441;8;0.1194734535;23000.0;4.0;6.30507E-5;1.948582E-4;1.940552E-4;6.0
Cup;Loss;10-anonymity;RGR;0.95;0.4;0.05;10;63441;8;0.1195077236;23807.0;3.0;4.7288E-5;1.958838E-4;1.952817E-4;6.0
Cup;Loss;10-anonymity;RGR;0.95;0.425;0.05;10;63441;8;0.1195077236;24188.0;3.0;4.7288E-5;1.958838E-4;1.952817E-4;6.0
Cup;Loss;10-anonymity;RGR;0.95;0.45;0.05;10;63441;8;0.1240284778;25060.0;1.0;1.57627E-5;9.0074E-6;8.7912E-6;6.0
Cup;Loss;10-anonymity;RGR;0.95;0.475;0.05;10;63441;8;0.1240284778;25645.0;1.0;1.57627E-5;9.0074E-6;8.7912E-6;6.0
Cup;Loss;10-anonymity;RGR;0.95;0.5;0.05;10;63441;8;0.1240284778;26209.0;1.0;1.57627E-5;9.0074E-6;8.7912E-6;6.0
Cup;Loss;10-anonymity;RGR;0.99999;0.0;0.05;10;63441;8;0.0852535847;217829.0;3.0;4.7288E-5;4.10555E-4;4.099887E-4;187.0
Cup;Loss;10-anonymity;RGR;0.99999;0.025;0.05;10;63441;8;0.0885208213;178133.0;2.0;3.15254E-5;4.16148E-4;4.157708E-4;146.0
Cup;Loss;10-anonymity;RGR;0.99999;0.05;0.05;10;63441;8;0.0994990122;68995.0;10.0;1.576268E-4;3.753664E-4;3.734713E-4;97.0
Cup;Loss;10-anonymity;RGR;0.99999;0.075;0.05;10;63441;8;0.1037877927;45808.0;3.0;4.7288E-5;4.724112E-4;4.718825E-4;57.0
Cup;Loss;10-anonymity;RGR;0.99999;0.1;0.05;10;63441;8;0.1093173429;30221.0;7.0;1.103387E-4;3.104121E-4;3.090761E-4;28.0
Cup;Loss;10-anonymity;RGR;0.99999;0.125;0.05;10;63441;8;0.1151837641;27231.0;3.0;4.7288E-5;1.997144E-4;1.991126E-4;16.0
Cup;Loss;10-anonymity;RGR;0.99999;0.15;0.05;10;63441;8;0.1182661778;28955.0;3.0;4.7288E-5;5.930792E-4;5.925153E-4;14.0
Cup;Loss;10-anonymity;RGR;0.99999;0.175;0.05;10;63441;8;0.1185323888;28288.0;6.0;9.45761E-5;1.976164E-4;1.964123E-4;11.0
Cup;Loss;10-anonymity;RGR;0.99999;0.2;0.05;10;63441;8;0.1185667147;30015.0;5.0;7.88134E-5;1.991013E-4;1.980982E-4;10.0
Cup;Loss;10-anonymity;RGR;0.99999;0.225;0.05;10;63441;8;0.119228214;31074.0;1.0;1.57627E-5;1.980046E-4;1.97804E-4;9.0
Cup;Loss;10-anonymity;RGR;0.99999;0.25;0.05;10;63441;8;0.1192400733;32513.0;9.0;1.418641E-4;1.97351E-4;1.955446E-4;7.0
Cup;Loss;10-anonymity;RGR;0.99999;0.275;0.05;10;63441;8;0.1192400733;34893.0;9.0;1.418641E-4;1.97351E-4;1.955446E-4;7.0
Cup;Loss;10-anonymity;RGR;0.99999;0.3;0.05;10;63441;8;0.1192471529;36386.0;8.0;1.261014E-4;1.955259E-4;1.939199E-4;7.0
Cup;Loss;10-anonymity;RGR;0.99999;0.325;0.05;10;63441;8;0.11925176;37878.0;3.0;4.7288E-5;1.949562E-4;1.943539E-4;7.0
Cup;Loss;10-anonymity;RGR;0.99999;0.35;0.05;10;63441;8;0.1194734535;39720.0;4.0;6.30507E-5;1.948582E-4;1.940552E-4;6.0
Cup;Loss;10-anonymity;RGR;0.99999;0.375;0.05;10;63441;8;0.1194734535;41279.0;4.0;6.30507E-5;1.948582E-4;1.940552E-4;6.0
Cup;Loss;10-anonymity;RGR;0.99999;0.4;0.05;10;63441;8;0.1195077236;43197.0;3.0;4.7288E-5;1.958838E-4;1.952817E-4;6.0
Cup;Loss;10-anonymity;RGR;0.99999;0.425;0.05;10;63441;8;0.1195077236;45604.0;3.0;4.7288E-5;1.958838E-4;1.952817E-4;6.0
Cup;Loss;10-anonymity;RGR;0.99999;0.45;0.05;10;63441;8;0.1240284778;46036.0;1.0;1.57627E-5;9.0074E-6;8.7912E-6;6.0
Cup;Loss;10-anonymity;RGR;0.99999;0.475;0.05;10;63441;8;0.1240284778;47890.0;1.0;1.57627E-5;9.0074E-6;8.7912E-6;6.0
Cup;Loss;10-anonymity;RGR;0.99999;0.5;0.05;10;63441;8;0.1240284778;48161.0;1.0;1.57627E-5;9.0074E-6;8.7912E-6;6.0
Cup;Loss;25-anonymity;RGR;0.05;0.0;0.05;25;63441;8;0.1928814836;7980.0;4.0;6.30507E-5;1.313115E-4;1.304865E-4;4.0
Cup;Loss;25-anonymity;RGR;0.05;0.025;0.05;25;63441;8;0.1928814836;8029.0;4.0;6.30507E-5;1.313115E-4;1.304865E-4;4.0
Cup;Loss;25-anonymity;RGR;0.05;0.05;0.05;25;63441;8;0.1928814836;8028.0;4.0;6.30507E-5;1.313115E-4;1.304865E-4;4.0
Cup;Loss;25-anonymity;RGR;0.05;0.075;0.05;25;63441;8;0.1928814836;8014.0;4.0;6.30507E-5;1.313115E-4;1.304865E-4;4.0
Cup;Loss;25-anonymity;RGR;0.05;0.1;0.05;25;63441;8;0.1928814836;8373.0;4.0;6.30507E-5;1.313115E-4;1.304865E-4;4.0
Cup;Loss;25-anonymity;RGR;0.05;0.125;0.05;25;63441;8;0.1928814836;8324.0;4.0;6.30507E-5;1.313115E-4;1.304865E-4;4.0
Cup;Loss;25-anonymity;RGR;0.05;0.15;0.05;25;63441;8;0.1928814836;8246.0;4.0;6.30507E-5;1.313115E-4;1.304865E-4;4.0
Cup;Loss;25-anonymity;RGR;0.05;0.175;0.05;25;63441;8;0.1928814836;8345.0;4.0;6.30507E-5;1.313115E-4;1.304865E-4;4.0
Cup;Loss;25-anonymity;RGR;0.05;0.2;0.05;25;63441;8;0.1928814836;8371.0;4.0;6.30507E-5;1.313115E-4;1.304865E-4;4.0
Cup;Loss;25-anonymity;RGR;0.05;0.225;0.05;25;63441;8;0.1928814836;7982.0;4.0;6.30507E-5;1.313115E-4;1.304865E-4;4.0
Cup;Loss;25-anonymity;RGR;0.05;0.25;0.05;25;63441;8;0.1928814836;7817.0;4.0;6.30507E-5;1.313115E-4;1.304865E-4;4.0
Cup;Loss;25-anonymity;RGR;0.05;0.275;0.05;25;63441;8;0.1928814836;8073.0;4.0;6.30507E-5;1.313115E-4;1.304865E-4;4.0
Cup;Loss;25-anonymity;RGR;0.05;0.3;0.05;25;63441;8;0.1928814836;8003.0;4.0;6.30507E-5;1.313115E-4;1.304865E-4;4.0
Cup;Loss;25-anonymity;RGR;0.05;0.325;0.05;25;63441;8;0.1928814836;7977.0;4.0;6.30507E-5;1.313115E-4;1.304865E-4;4.0
Cup;Loss;25-anonymity;RGR;0.05;0.35;0.05;25;63441;8;0.1928814836;8052.0;4.0;6.30507E-5;1.313115E-4;1.304865E-4;4.0
Cup;Loss;25-anonymity;RGR;0.05;0.375;0.05;25;63441;8;0.1928814836;8285.0;4.0;6.30507E-5;1.313115E-4;1.304865E-4;4.0
Cup;Loss;25-anonymity;RGR;0.05;0.4;0.05;25;63441;8;0.1928814836;8200.0;4.0;6.30507E-5;1.313115E-4;1.304865E-4;4.0
Cup;Loss;25-anonymity;RGR;0.05;0.425;0.05;25;63441;8;0.1928814836;7992.0;4.0;6.30507E-5;1.313115E-4;1.304865E-4;4.0
Cup;Loss;25-anonymity;RGR;0.05;0.45;0.05;25;63441;8;0.1928814836;8334.0;4.0;6.30507E-5;1.313115E-4;1.304865E-4;4.0
Cup;Loss;25-anonymity;RGR;0.05;0.475;0.05;25;63441;8;0.1928814836;8052.0;4.0;6.30507E-5;1.313115E-4;1.304865E-4;4.0
Cup;Loss;25-anonymity;RGR;0.05;0.5;0.05;25;63441;8;0.1928814836;8348.0;4.0;6.30507E-5;1.313115E-4;1.304865E-4;4.0
Cup;Loss;25-anonymity;RGR;0.1;0.0;0.05;25;63441;8;0.1706340692;8173.0;23.0;3.625416E-4;3.2547E-5;3.03714E-5;4.0
Cup;Loss;25-anonymity;RGR;0.1;0.025;0.05;25;63441;8;0.1706340692;8948.0;23.0;3.625416E-4;3.2547E-5;3.03714E-5;4.0
Cup;Loss;25-anonymity;RGR;0.1;0.05;0.05;25;63441;8;0.1706340692;8518.0;23.0;3.625416E-4;3.2547E-5;3.03714E-5;4.0
Cup;Loss;25-anonymity;RGR;0.1;0.075;0.05;25;63441;8;0.1706340692;8545.0;23.0;3.625416E-4;3.2547E-5;3.03714E-5;4.0
Cup;Loss;25-anonymity;RGR;0.1;0.1;0.05;25;63441;8;0.1706340692;8448.0;23.0;3.625416E-4;3.2547E-5;3.03714E-5;4.0
Cup;Loss;25-anonymity;RGR;0.1;0.125;0.05;25;63441;8;0.1706340692;8992.0;23.0;3.625416E-4;3.2547E-5;3.03714E-5;4.0
Cup;Loss;25-anonymity;RGR;0.1;0.15;0.05;25;63441;8;0.1706340692;9117.0;23.0;3.625416E-4;3.2547E-5;3.03714E-5;4.0
Cup;Loss;25-anonymity;RGR;0.1;0.175;0.05;25;63441;8;0.1706340692;8797.0;23.0;3.625416E-4;3.2547E-5;3.03714E-5;4.0
Cup;Loss;25-anonymity;RGR;0.1;0.2;0.05;25;63441;8;0.1706340692;8903.0;23.0;3.625416E-4;3.2547E-5;3.03714E-5;4.0
Cup;Loss;25-anonymity;RGR;0.1;0.225;0.05;25;63441;8;0.1706340692;8833.0;23.0;3.625416E-4;3.2547E-5;3.03714E-5;4.0
Cup;Loss;25-anonymity;RGR;0.1;0.25;0.05;25;63441;8;0.1706340692;8801.0;23.0;3.625416E-4;3.2547E-5;3.03714E-5;4.0
Cup;Loss;25-anonymity;RGR;0.1;0.275;0.05;25;63441;8;0.1706340692;8631.0;23.0;3.625416E-4;3.2547E-5;3.03714E-5;4.0
Cup;Loss;25-anonymity;RGR;0.1;0.3;0.05;25;63441;8;0.1706340692;8564.0;23.0;3.625416E-4;3.2547E-5;3.03714E-5;4.0
Cup;Loss;25-anonymity;RGR;0.1;0.325;0.05;25;63441;8;0.1706340692;8657.0;23.0;3.625416E-4;3.2547E-5;3.03714E-5;4.0
Cup;Loss;25-anonymity;RGR;0.1;0.35;0.05;25;63441;8;0.1706340692;8613.0;23.0;3.625416E-4;3.2547E-5;3.03714E-5;4.0
Cup;Loss;25-anonymity;RGR;0.1;0.375;0.05;25;63441;8;0.1706340692;8802.0;23.0;3.625416E-4;3.2547E-5;3.03714E-5;4.0
Cup;Loss;25-anonymity;RGR;0.1;0.4;0.05;25;63441;8;0.1706340692;8798.0;23.0;3.625416E-4;3.2547E-5;3.03714E-5;4.0
Cup;Loss;25-anonymity;RGR;0.1;0.425;0.05;25;63441;8;0.1706340692;8902.0;23.0;3.625416E-4;3.2547E-5;3.03714E-5;4.0
Cup;Loss;25-anonymity;RGR;0.1;0.45;0.05;25;63441;8;0.1706340692;8848.0;23.0;3.625416E-4;3.2547E-5;3.03714E-5;4.0
Cup;Loss;25-anonymity;RGR;0.1;0.475;0.05;25;63441;8;0.1706340692;8900.0;23.0;3.625416E-4;3.2547E-5;3.03714E-5;4.0
Cup;Loss;25-anonymity;RGR;0.1;0.5;0.05;25;63441;8;0.1706340692;8944.0;23.0;3.625416E-4;3.2547E-5;3.03714E-5;4.0
Cup;Loss;25-anonymity;RGR;0.95;0.0;0.05;25;63441;8;0.1134463409;70977.0;11.0;1.733894E-4;8.03855E-4;8.021326E-4;57.0
Cup;Loss;25-anonymity;RGR;0.95;0.025;0.05;25;63441;8;0.1152634188;51371.0;23.0;3.625416E-4;7.656087E-4;7.619699E-4;47.0
Cup;Loss;25-anonymity;RGR;0.95;0.05;0.05;25;63441;8;0.1245219227;24712.0;14.0;2.206775E-4;7.050733E-4;7.028524E-4;33.0
Cup;Loss;25-anonymity;RGR;0.95;0.075;0.05;25;63441;8;0.1276035835;20607.0;13.0;2.049148E-4;5.112554E-4;5.089688E-4;20.0
Cup;Loss;25-anonymity;RGR;0.95;0.1;0.05;25;63441;8;0.129082401;17614.0;18.0;2.837282E-4;4.476642E-4;4.444712E-4;16.0
Cup;Loss;25-anonymity;RGR;0.95;0.125;0.05;25;63441;8;0.1290509327;18299.0;13.0;2.049148E-4;4.425926E-4;4.402842E-4;14.0
Cup;Loss;25-anonymity;RGR;0.95;0.15;0.05;25;63441;8;0.1385197272;17585.0;23.0;3.625416E-4;0.0014598085;0.0014566137;8.0
Cup;Loss;25-anonymity;RGR;0.95;0.175;0.05;25;63441;8;0.1386304223;18251.0;5.0;7.88134E-5;0.0014437942;0.0014430971;8.0
Cup;Loss;25-anonymity;RGR;0.95;0.2;0.05;25;63441;8;0.1701351786;15889.0;5.0;7.88134E-5;8.0636E-6;7.5851E-6;6.0
Cup;Loss;25-anonymity;RGR;0.95;0.225;0.05;25;63441;8;0.1701351786;16433.0;5.0;7.88134E-5;8.0636E-6;7.5851E-6;6.0
Cup;Loss;25-anonymity;RGR;0.95;0.25;0.05;25;63441;8;0.1701351786;16652.0;5.0;7.88134E-5;8.0636E-6;7.5851E-6;6.0
Cup;Loss;25-anonymity;RGR;0.95;0.275;0.05;25;63441;8;0.1701351786;17145.0;5.0;7.88134E-5;8.0636E-6;7.5851E-6;6.0
Cup;Loss;25-anonymity;RGR;0.95;0.3;0.05;25;63441;8;0.1701774306;17194.0;3.0;4.7288E-5;6.7354E-6;6.4481E-6;6.0
Cup;Loss;25-anonymity;RGR;0.95;0.325;0.05;25;63441;8;0.1701774306;17389.0;3.0;4.7288E-5;6.7354E-6;6.4481E-6;6.0
Cup;Loss;25-anonymity;RGR;0.95;0.35;0.05;25;63441;8;0.1701774306;17948.0;3.0;4.7288E-5;6.7354E-6;6.4481E-6;6.0
Cup;Loss;25-anonymity;RGR;0.95;0.375;0.05;25;63441;8;0.1701774306;18211.0;3.0;4.7288E-5;6.7354E-6;6.4481E-6;6.0
Cup;Loss;25-anonymity;RGR;0.95;0.4;0.05;25;63441;8;0.1701774306;18506.0;3.0;4.7288E-5;6.7354E-6;6.4481E-6;6.0
Cup;Loss;25-anonymity;RGR;0.95;0.425;0.05;25;63441;8;0.1701774306;18173.0;3.0;4.7288E-5;6.7354E-6;6.4481E-6;6.0
Cup;Loss;25-anonymity;RGR;0.95;0.45;0.05;25;63441;8;0.1701774306;18455.0;3.0;4.7288E-5;6.7354E-6;6.4481E-6;6.0
Cup;Loss;25-anonymity;RGR;0.95;0.475;0.05;25;63441;8;0.1701977378;18559.0;12.0;1.891521E-4;7.7784E-6;6.6296E-6;5.0
Cup;Loss;25-anonymity;RGR;0.95;0.5;0.05;25;63441;8;0.1701977378;19305.0;12.0;1.891521E-4;7.7784E-6;6.6296E-6;5.0
Cup;Loss;25-anonymity;RGR;0.99999;0.0;0.05;25;63441;8;0.1128808778;186674.0;21.0;3.310162E-4;7.79029E-4;7.757024E-4;121.0
Cup;Loss;25-anonymity;RGR;0.99999;0.025;0.05;25;63441;8;0.1141339765;158817.0;7.0;1.103387E-4;7.72865E-4;7.71758E-4;94.0
Cup;Loss;25-anonymity;RGR;0.99999;0.05;0.05;25;63441;8;0.1242698783;52824.0;12.0;1.891521E-4;6.804873E-4;6.785681E-4;59.0
Cup;Loss;25-anonymity;RGR;0.99999;0.075;0.05;25;63441;8;0.1281946842;41676.0;23.0;3.625416E-4;4.613139E-4;4.572352E-4;38.0
Cup;Loss;25-anonymity;RGR;0.99999;0.1;0.05;25;63441;8;0.1288850737;29004.0;11.0;1.733894E-4;4.520753E-4;4.501265E-4;20.0
Cup;Loss;25-anonymity;RGR;0.99999;0.125;0.05;25;63441;8;0.1292244661;29295.0;3.0;4.7288E-5;4.388304E-4;4.382975E-4;14.0
Cup;Loss;25-anonymity;RGR;0.99999;0.15;0.05;25;63441;8;0.1385197272;28293.0;23.0;3.625416E-4;0.0014598085;0.0014566137;8.0
Cup;Loss;25-anonymity;RGR;0.99999;0.175;0.05;25;63441;8;0.1386304223;31365.0;5.0;7.88134E-5;0.0014437942;0.0014430971;8.0
Cup;Loss;25-anonymity;RGR;0.99999;0.2;0.05;25;63441;8;0.1701351786;28296.0;5.0;7.88134E-5;8.0636E-6;7.5851E-6;6.0
Cup;Loss;25-anonymity;RGR;0.99999;0.225;0.05;25;63441;8;0.1701351786;29232.0;5.0;7.88134E-5;8.0636E-6;7.5851E-6;6.0
Cup;Loss;25-anonymity;RGR;0.99999;0.25;0.05;25;63441;8;0.1701351786;29815.0;5.0;7.88134E-5;8.0636E-6;7.5851E-6;6.0
Cup;Loss;25-anonymity;RGR;0.99999;0.275;0.05;25;63441;8;0.1701351786;30785.0;5.0;7.88134E-5;8.0636E-6;7.5851E-6;6.0
Cup;Loss;25-anonymity;RGR;0.99999;0.3;0.05;25;63441;8;0.1701774306;31642.0;3.0;4.7288E-5;6.7354E-6;6.4481E-6;6.0
Cup;Loss;25-anonymity;RGR;0.99999;0.325;0.05;25;63441;8;0.1701774306;31981.0;3.0;4.7288E-5;6.7354E-6;6.4481E-6;6.0
Cup;Loss;25-anonymity;RGR;0.99999;0.35;0.05;25;63441;8;0.1701774306;33223.0;3.0;4.7288E-5;6.7354E-6;6.4481E-6;6.0
Cup;Loss;25-anonymity;RGR;0.99999;0.375;0.05;25;63441;8;0.1701774306;33324.0;3.0;4.7288E-5;6.7354E-6;6.4481E-6;6.0
Cup;Loss;25-anonymity;RGR;0.99999;0.4;0.05;25;63441;8;0.1701774306;34334.0;3.0;4.7288E-5;6.7354E-6;6.4481E-6;6.0
Cup;Loss;25-anonymity;RGR;0.99999;0.425;0.05;25;63441;8;0.1701774306;35219.0;3.0;4.7288E-5;6.7354E-6;6.4481E-6;6.0
Cup;Loss;25-anonymity;RGR;0.99999;0.45;0.05;25;63441;8;0.1701774306;36203.0;3.0;4.7288E-5;6.7354E-6;6.4481E-6;6.0
Cup;Loss;25-anonymity;RGR;0.99999;0.475;0.05;25;63441;8;0.1701977378;37006.0;12.0;1.891521E-4;7.7784E-6;6.6296E-6;5.0
Cup;Loss;25-anonymity;RGR;0.99999;0.5;0.05;25;63441;8;0.1701977378;37161.0;12.0;1.891521E-4;7.7784E-6;6.6296E-6;5.0
Cup;Loss;50-anonymity;RGR;0.05;0.0;0.05;50;63441;8;0.2411003266;6788.0;4.0;6.30507E-5;1.00983E-5;9.7167E-6;4.0
Cup;Loss;50-anonymity;RGR;0.05;0.025;0.05;50;63441;8;0.2411003266;6730.0;4.0;6.30507E-5;1.00983E-5;9.7167E-6;4.0
Cup;Loss;50-anonymity;RGR;0.05;0.05;0.05;50;63441;8;0.2411003266;6845.0;4.0;6.30507E-5;1.00983E-5;9.7167E-6;4.0
Cup;Loss;50-anonymity;RGR;0.05;0.075;0.05;50;63441;8;0.2411003266;6852.0;4.0;6.30507E-5;1.00983E-5;9.7167E-6;4.0
Cup;Loss;50-anonymity;RGR;0.05;0.1;0.05;50;63441;8;0.2411003266;7189.0;4.0;6.30507E-5;1.00983E-5;9.7167E-6;4.0
Cup;Loss;50-anonymity;RGR;0.05;0.125;0.05;50;63441;8;0.2411003266;7070.0;4.0;6.30507E-5;1.00983E-5;9.7167E-6;4.0
Cup;Loss;50-anonymity;RGR;0.05;0.15;0.05;50;63441;8;0.2411003266;6966.0;4.0;6.30507E-5;1.00983E-5;9.7167E-6;4.0
Cup;Loss;50-anonymity;RGR;0.05;0.175;0.05;50;63441;8;0.2411003266;7096.0;4.0;6.30507E-5;1.00983E-5;9.7167E-6;4.0
Cup;Loss;50-anonymity;RGR;0.05;0.2;0.05;50;63441;8;0.2411003266;7182.0;4.0;6.30507E-5;1.00983E-5;9.7167E-6;4.0
Cup;Loss;50-anonymity;RGR;0.05;0.225;0.05;50;63441;8;0.2411003266;7079.0;4.0;6.30507E-5;1.00983E-5;9.7167E-6;4.0
Cup;Loss;50-anonymity;RGR;0.05;0.25;0.05;50;63441;8;0.2411003266;6989.0;4.0;6.30507E-5;1.00983E-5;9.7167E-6;4.0
Cup;Loss;50-anonymity;RGR;0.05;0.275;0.05;50;63441;8;0.2411003266;6930.0;4.0;6.30507E-5;1.00983E-5;9.7167E-6;4.0
Cup;Loss;50-anonymity;RGR;0.05;0.3;0.05;50;63441;8;0.2411003266;6911.0;4.0;6.30507E-5;1.00983E-5;9.7167E-6;4.0
Cup;Loss;50-anonymity;RGR;0.05;0.325;0.05;50;63441;8;0.2411003266;6955.0;4.0;6.30507E-5;1.00983E-5;9.7167E-6;4.0
Cup;Loss;50-anonymity;RGR;0.05;0.35;0.05;50;63441;8;0.2411003266;6738.0;4.0;6.30507E-5;1.00983E-5;9.7167E-6;4.0
Cup;Loss;50-anonymity;RGR;0.05;0.375;0.05;50;63441;8;0.2411003266;6909.0;4.0;6.30507E-5;1.00983E-5;9.7167E-6;4.0
Cup;Loss;50-anonymity;RGR;0.05;0.4;0.05;50;63441;8;0.2411003266;7091.0;4.0;6.30507E-5;1.00983E-5;9.7167E-6;4.0
Cup;Loss;50-anonymity;RGR;0.05;0.425;0.05;50;63441;8;0.2411003266;7037.0;4.0;6.30507E-5;1.00983E-5;9.7167E-6;4.0
Cup;Loss;50-anonymity;RGR;0.05;0.45;0.05;50;63441;8;0.2411003266;7152.0;4.0;6.30507E-5;1.00983E-5;9.7167E-6;4.0
Cup;Loss;50-anonymity;RGR;0.05;0.475;0.05;50;63441;8;0.2411003266;6762.0;4.0;6.30507E-5;1.00983E-5;9.7167E-6;4.0
Cup;Loss;50-anonymity;RGR;0.05;0.5;0.05;50;63441;8;0.2411003266;6669.0;4.0;6.30507E-5;1.00983E-5;9.7167E-6;4.0
Cup;Loss;50-anonymity;RGR;0.1;0.0;0.05;50;63441;8;0.2061386171;8583.0;26.0;4.098296E-4;2.836668E-4;2.785872E-4;4.0
Cup;Loss;50-anonymity;RGR;0.1;0.025;0.05;50;63441;8;0.2061386171;8680.0;26.0;4.098296E-4;2.836668E-4;2.785872E-4;4.0
Cup;Loss;50-anonymity;RGR;0.1;0.05;0.05;50;63441;8;0.2061386171;8535.0;26.0;4.098296E-4;2.836668E-4;2.785872E-4;4.0
Cup;Loss;50-anonymity;RGR;0.1;0.075;0.05;50;63441;8;0.2061386171;8601.0;26.0;4.098296E-4;2.836668E-4;2.785872E-4;4.0
Cup;Loss;50-anonymity;RGR;0.1;0.1;0.05;50;63441;8;0.2061386171;8309.0;26.0;4.098296E-4;2.836668E-4;2.785872E-4;4.0
Cup;Loss;50-anonymity;RGR;0.1;0.125;0.05;50;63441;8;0.2061386171;8720.0;26.0;4.098296E-4;2.836668E-4;2.785872E-4;4.0
Cup;Loss;50-anonymity;RGR;0.1;0.15;0.05;50;63441;8;0.2061386171;8758.0;26.0;4.098296E-4;2.836668E-4;2.785872E-4;4.0
Cup;Loss;50-anonymity;RGR;0.1;0.175;0.05;50;63441;8;0.2061386171;8704.0;26.0;4.098296E-4;2.836668E-4;2.785872E-4;4.0
Cup;Loss;50-anonymity;RGR;0.1;0.2;0.05;50;63441;8;0.2061386171;8750.0;26.0;4.098296E-4;2.836668E-4;2.785872E-4;4.0
Cup;Loss;50-anonymity;RGR;0.1;0.225;0.05;50;63441;8;0.2061386171;8604.0;26.0;4.098296E-4;2.836668E-4;2.785872E-4;4.0
Cup;Loss;50-anonymity;RGR;0.1;0.25;0.05;50;63441;8;0.2061386171;8385.0;26.0;4.098296E-4;2.836668E-4;2.785872E-4;4.0
Cup;Loss;50-anonymity;RGR;0.1;0.275;0.05;50;63441;8;0.2061386171;8392.0;26.0;4.098296E-4;2.836668E-4;2.785872E-4;4.0
Cup;Loss;50-anonymity;RGR;0.1;0.3;0.05;50;63441;8;0.2061386171;8284.0;26.0;4.098296E-4;2.836668E-4;2.785872E-4;4.0
Cup;Loss;50-anonymity;RGR;0.1;0.325;0.05;50;63441;8;0.2061386171;7994.0;26.0;4.098296E-4;2.836668E-4;2.785872E-4;4.0
Cup;Loss;50-anonymity;RGR;0.1;0.35;0.05;50;63441;8;0.2061386171;8312.0;26.0;4.098296E-4;2.836668E-4;2.785872E-4;4.0
Cup;Loss;50-anonymity;RGR;0.1;0.375;0.05;50;63441;8;0.2061386171;8291.0;26.0;4.098296E-4;2.836668E-4;2.785872E-4;4.0
Cup;Loss;50-anonymity;RGR;0.1;0.4;0.05;50;63441;8;0.2228873815;8265.0;28.0;4.41355E-4;5.529914E-4;5.516601E-4;4.0
Cup;Loss;50-anonymity;RGR;0.1;0.425;0.05;50;63441;8;0.2228873815;7838.0;28.0;4.41355E-4;5.529914E-4;5.516601E-4;4.0
Cup;Loss;50-anonymity;RGR;0.1;0.45;0.05;50;63441;8;0.2228873815;7834.0;28.0;4.41355E-4;5.529914E-4;5.516601E-4;4.0
Cup;Loss;50-anonymity;RGR;0.1;0.475;0.05;50;63441;8;0.2228873815;7992.0;28.0;4.41355E-4;5.529914E-4;5.516601E-4;4.0
Cup;Loss;50-anonymity;RGR;0.1;0.5;0.05;50;63441;8;0.2228873815;8046.0;28.0;4.41355E-4;5.529914E-4;5.516601E-4;4.0
Cup;Loss;50-anonymity;RGR;0.95;0.0;0.05;50;63441;8;0.1400900816;70581.0;27.0;4.255923E-4;0.0010743514;0.0010709864;43.0
Cup;Loss;50-anonymity;RGR;0.95;0.025;0.05;50;63441;8;0.1405913796;58142.0;28.0;4.41355E-4;9.920709E-4;9.884463E-4;38.0
Cup;Loss;50-anonymity;RGR;0.95;0.05;0.05;50;63441;8;0.1468794006;24042.0;46.0;7.250831E-4;8.860286E-4;8.801583E-4;28.0
Cup;Loss;50-anonymity;RGR;0.95;0.075;0.05;50;63441;8;0.1493353317;21733.0;27.0;4.255923E-4;7.274144E-4;7.235123E-4;20.0
Cup;Loss;50-anonymity;RGR;0.95;0.1;0.05;50;63441;8;0.1754936979;16796.0;4.0;6.30507E-5;3.83659E-5;3.79888E-5;15.0
Cup;Loss;50-anonymity;RGR;0.95;0.125;0.05;50;63441;8;0.1766068035;15525.0;11.0;1.733894E-4;1.26923E-5;1.16418E-5;8.0
Cup;Loss;50-anonymity;RGR;0.95;0.15;0.05;50;63441;8;0.1766068035;15847.0;11.0;1.733894E-4;1.26923E-5;1.16418E-5;8.0
Cup;Loss;50-anonymity;RGR;0.95;0.175;0.05;50;63441;8;0.1794521256;14840.0;43.0;6.777951E-4;2.402997E-4;2.366709E-4;5.0
Cup;Loss;50-anonymity;RGR;0.95;0.2;0.05;50;63441;8;0.1794521256;15347.0;43.0;6.777951E-4;2.402997E-4;2.366709E-4;5.0
Cup;Loss;50-anonymity;RGR;0.95;0.225;0.05;50;63441;8;0.1794521256;15878.0;43.0;6.777951E-4;2.402997E-4;2.366709E-4;5.0
Cup;Loss;50-anonymity;RGR;0.95;0.25;0.05;50;63441;8;0.1794521256;16441.0;43.0;6.777951E-4;2.402997E-4;2.366709E-4;5.0
Cup;Loss;50-anonymity;RGR;0.95;0.275;0.05;50;63441;8;0.1804084304;16357.0;30.0;4.728803E-4;2.514903E-4;2.489768E-4;6.0
Cup;Loss;50-anonymity;RGR;0.95;0.3;0.05;50;63441;8;0.185823508;16620.0;42.0;6.620324E-4;2.699099E-4;2.656817E-4;5.0
Cup;Loss;50-anonymity;RGR;0.95;0.325;0.05;50;63441;8;0.185823508;16880.0;42.0;6.620324E-4;2.699099E-4;2.656817E-4;5.0
Cup;Loss;50-anonymity;RGR;0.95;0.35;0.05;50;63441;8;0.185823508;17125.0;42.0;6.620324E-4;2.699099E-4;2.656817E-4;5.0
Cup;Loss;50-anonymity;RGR;0.95;0.375;0.05;50;63441;8;0.185823508;17455.0;42.0;6.620324E-4;2.699099E-4;2.656817E-4;5.0
Cup;Loss;50-anonymity;RGR;0.95;0.4;0.05;50;63441;8;0.1877153794;17669.0;26.0;4.098296E-4;7.6331E-6;5.1431E-6;4.0
Cup;Loss;50-anonymity;RGR;0.95;0.425;0.05;50;63441;8;0.2195670367;17470.0;3.0;4.7288E-5;1.364371E-4;1.362761E-4;5.0
Cup;Loss;50-anonymity;RGR;0.95;0.45;0.05;50;63441;8;0.2228873815;17183.0;28.0;4.41355E-4;5.529914E-4;5.516601E-4;4.0
Cup;Loss;50-anonymity;RGR;0.95;0.475;0.05;50;63441;8;0.2228873815;17041.0;28.0;4.41355E-4;5.529914E-4;5.516601E-4;4.0
Cup;Loss;50-anonymity;RGR;0.95;0.5;0.05;50;63441;8;0.2228873815;17923.0;28.0;4.41355E-4;5.529914E-4;5.516601E-4;4.0
Cup;Loss;50-anonymity;RGR;0.99999;0.0;0.05;50;63441;8;0.1390113371;189576.0;22.0;3.467789E-4;0.0010486359;0.0010458815;86.0
Cup;Loss;50-anonymity;RGR;0.99999;0.025;0.05;50;63441;8;0.1393000585;189547.0;11.0;1.733894E-4;0.0010557857;0.0010543992;90.0
Cup;Loss;50-anonymity;RGR;0.99999;0.05;0.05;50;63441;8;0.1459945295;47267.0;11.0;1.733894E-4;9.204523E-4;9.190562E-4;45.0
Cup;Loss;50-anonymity;RGR;0.99999;0.075;0.05;50;63441;8;0.1488198042;36865.0;34.0;5.35931E-4;6.973478E-4;6.923954E-4;30.0
Cup;Loss;50-anonymity;RGR;0.99999;0.1;0.05;50;63441;8;0.1754697184;26562.0;34.0;5.35931E-4;3.71538E-5;3.39392E-5;17.0
Cup;Loss;50-anonymity;RGR;0.99999;0.125;0.05;50;63441;8;0.1762008082;24528.0;11.0;1.733894E-4;1.72548E-5;1.62066E-5;10.0
Cup;Loss;50-anonymity;RGR;0.99999;0.15;0.05;50;63441;8;0.1766068035;23975.0;11.0;1.733894E-4;1.26923E-5;1.16418E-5;8.0
Cup;Loss;50-anonymity;RGR;0.99999;0.175;0.05;50;63441;8;0.1794521256;24951.0;43.0;6.777951E-4;2.402997E-4;2.366709E-4;5.0
Cup;Loss;50-anonymity;RGR;0.99999;0.2;0.05;50;63441;8;0.1794521256;25094.0;43.0;6.777951E-4;2.402997E-4;2.366709E-4;5.0
Cup;Loss;50-anonymity;RGR;0.99999;0.225;0.05;50;63441;8;0.1794521256;25207.0;43.0;6.777951E-4;2.402997E-4;2.366709E-4;5.0
Cup;Loss;50-anonymity;RGR;0.99999;0.25;0.05;50;63441;8;0.1794521256;26579.0;43.0;6.777951E-4;2.402997E-4;2.366709E-4;5.0
Cup;Loss;50-anonymity;RGR;0.99999;0.275;0.05;50;63441;8;0.1804084304;26650.0;30.0;4.728803E-4;2.514903E-4;2.489768E-4;6.0
Cup;Loss;50-anonymity;RGR;0.99999;0.3;0.05;50;63441;8;0.185823508;28141.0;42.0;6.620324E-4;2.699099E-4;2.656817E-4;5.0
Cup;Loss;50-anonymity;RGR;0.99999;0.325;0.05;50;63441;8;0.185823508;28662.0;42.0;6.620324E-4;2.699099E-4;2.656817E-4;5.0
Cup;Loss;50-anonymity;RGR;0.99999;0.35;0.05;50;63441;8;0.185823508;29607.0;42.0;6.620324E-4;2.699099E-4;2.656817E-4;5.0
Cup;Loss;50-anonymity;RGR;0.99999;0.375;0.05;50;63441;8;0.185823508;30102.0;42.0;6.620324E-4;2.699099E-4;2.656817E-4;5.0
Cup;Loss;50-anonymity;RGR;0.99999;0.4;0.05;50;63441;8;0.1877153794;31101.0;26.0;4.098296E-4;7.6331E-6;5.1431E-6;4.0
Cup;Loss;50-anonymity;RGR;0.99999;0.425;0.05;50;63441;8;0.2195670367;30389.0;3.0;4.7288E-5;1.364371E-4;1.362761E-4;5.0
Cup;Loss;50-anonymity;RGR;0.99999;0.45;0.05;50;63441;8;0.2228873815;30641.0;28.0;4.41355E-4;5.529914E-4;5.516601E-4;4.0
Cup;Loss;50-anonymity;RGR;0.99999;0.475;0.05;50;63441;8;0.2228873815;31163.0;28.0;4.41355E-4;5.529914E-4;5.516601E-4;4.0
Cup;Loss;50-anonymity;RGR;0.99999;0.5;0.05;50;63441;8;0.2228873815;31494.0;28.0;4.41355E-4;5.529914E-4;5.516601E-4;4.0
