;;;;;Time;Utility;Suppressed;Step;Generalization degree 1;Generalization degree 2;Generalization degree 3;Generalization degree 4;Generalization degree 5;Generalization degree 6;Generalization degree 7;Generalization degree 8;Generalization degree 9
Dataset;UtilityMeasure;PrivacyModel;Algorithm;Suppression;Value;Value;Value;Value;Value;Value;Value;Value;Value;Value;Value;Value;Value
Adult;Loss;5-anonymity;RGR;0.02;2539.0;0.37619606632154173;554.0;0.0;0.018367482262449438;0.7545918705656124;0.018367482262449438;1.0;0.6727891607541497;0.5091837411312247;0.5091837411312247;1.0;0.018367482262449438
Adult;Loss;5-anonymity;RGR;0.02;2664.0;0.37106883830245607;11.0;1.0;3.6469730123997083E-4;0.7545918705656124;0.018367482262449438;1.0;0.6727891607541497;0.5091837411312247;0.50018234865062;0.9909986075193953;3.6469730123997083E-4
Adult;Loss;5-anonymity;RGR;0.02;2727.0;0.37102078565921204;0.0;2.0;0.0;0.7545918705656124;0.018367482262449438;1.0;0.6727891607541497;0.5091837411312247;0.50018234865062;0.9909986075193953;0.0
Adult;Loss;5-anonymity;RGR;0.05;1628.0;0.2925002644589774;1383.0;0.0;0.04585239705589815;0.7614630992639745;0.04585239705589815;0.04585239705589815;0.6819507990186328;0.5229261985279491;0.5229261985279491;1.0;0.04585239705589815
Adult;Loss;5-anonymity;RGR;0.05;1737.0;0.2744436326249609;66.0;1.0;0.002188183807439825;0.7614630992639745;0.002188183807439825;0.04585239705589815;0.6673960612691466;0.5229261985279491;0.5010940919037199;1.0;0.002188183807439825
Adult;Loss;5-anonymity;RGR;0.05;1784.0;0.2739245195979827;3.0;2.0;0.002188183807439825;0.7614630992639745;0.002188183807439825;0.04480803660234733;0.6673960612691466;0.5218818380743983;0.5010940919037199;1.0;9.946290033817386E-5
Adult;Loss;5-anonymity;RGR;0.1;2079.0;0.25510998050475003;2584.0;0.0;0.08567071149128042;0.7714176778728201;0.08567071149128042;0.08567071149128042;0.6952235704970934;0.5428353557456402;0.5428353557456402;0.5428353557456402;0.08567071149128042
Adult;Loss;5-anonymity;RGR;0.1;2329.0;0.21484651742769745;160.0;1.0;0.005304688018035939;0.751326172004509;0.005304688018035939;0.045487699754658176;0.6952235704970934;0.5428353557456402;0.5026523440090179;0.5428353557456402;0.005304688018035939
Adult;Loss;5-anonymity;RGR;0.1;2375.0;0.2134357586174513;5.0;2.0;1.657715005636231E-4;0.751326172004509;0.005304688018035939;0.04291824149592202;0.6935105983246026;0.5428353557456402;0.5026523440090179;0.5428353557456402;1.657715005636231E-4
Adult;Loss;5-anonymity;RGR;0.1;2422.0;0.21340347468849327;0.0;3.0;1.657715005636231E-4;0.751326172004509;0.005304688018035939;0.04291824149592202;0.6934000839908936;0.5427524699953584;0.5026523440090179;0.5428353557456402;1.657715005636231E-4
Adult;Loss;5-anonymity;RGR;1.0;5896.0;0.25510998050475003;2584.0;0.0;0.08567071149128042;0.7714176778728201;0.08567071149128042;0.08567071149128042;0.6952235704970934;0.5428353557456402;0.5428353557456402;0.5428353557456402;0.08567071149128042
Adult;Loss;5-anonymity;RGR;1.0;8224.0;0.21484651742769745;160.0;1.0;0.005304688018035939;0.751326172004509;0.005304688018035939;0.045487699754658176;0.6952235704970934;0.5428353557456402;0.5026523440090179;0.5428353557456402;0.005304688018035939
Adult;Loss;5-anonymity;RGR;1.0;8677.0;0.21319134106285448;24.0;2.0;7.957032027053909E-4;0.751326172004509;0.005304688018035939;0.0432332073469929;0.69372057555865;0.540580863337975;0.5026523440090179;0.5428353557456402;7.957032027053909E-4
Adult;Loss;5-anonymity;RGR;1.0;8865.0;0.2131077542815096;3.0;3.0;9.946290033817386E-5;0.751326172004509;0.005304688018035939;0.0432332073469929;0.69372057555865;0.540580863337975;0.5026523440090179;0.5428353557456402;9.946290033817386E-5
Adult;Discernibility;5-anonymity;RGR;0.02;1094.0;0.0078110509403538685;105.0;0.0;0.003481201511836085;0.003481201511836085;1.0;1.0;1.0;1.0;1.0;0.5017406007559181;1.0
Adult;Discernibility;5-anonymity;RGR;0.02;1125.0;0.004331537291222646;0.0;1.0;0.0;0.003481201511836085;1.0;1.0;1.0;1.0;1.0;0.5000000000000001;1.0
Adult;Discernibility;5-anonymity;RGR;0.05;1860.0;0.0078110509403538685;105.0;0.0;0.003481201511836085;0.003481201511836085;1.0;1.0;1.0;1.0;1.0;0.5017406007559181;1.0
Adult;Discernibility;5-anonymity;RGR;0.05;1875.0;0.004463606249102837;4.0;1.0;1.3261720045089847E-4;0.0026440554339897883;1.0;1.0;0.9988838052295382;1.0;1.0;0.5017406007559181;1.0
Adult;Discernibility;5-anonymity;RGR;0.1;2719.0;0.0078110509403538685;105.0;0.0;0.003481201511836085;0.003481201511836085;1.0;1.0;1.0;1.0;1.0;0.5017406007559181;1.0
Adult;Discernibility;5-anonymity;RGR;0.1;2735.0;0.004529630833919529;6.0;1.0;1.9892580067634773E-4;0.002660632584046151;1.0;1.0;1.0;1.0;1.0;0.5000994629003382;1.0
Adult;Discernibility;5-anonymity;RGR;0.1;2750.0;0.004330719377021313;0.0;2.0;1.9892580067634773E-4;0.002660632584046151;0.9998010741993236;1.0;1.0;1.0;0.9999005370996619;0.5000994629003382;1.0
Adult;Discernibility;5-anonymity;RGR;1.0;5889.0;0.0078110509403538685;105.0;0.0;0.003481201511836085;0.003481201511836085;1.0;1.0;1.0;1.0;1.0;0.5017406007559181;1.0
Adult;Discernibility;5-anonymity;RGR;1.0;6014.0;0.004529630833919529;6.0;1.0;1.9892580067634773E-4;0.002660632584046151;1.0;1.0;1.0;1.0;1.0;0.5000994629003382;1.0
Adult;Discernibility;5-anonymity;RGR;1.0;6092.0;0.004363865789769125;1.0;2.0;1.9892580067634773E-4;0.002660632584046151;0.9998342284994364;1.0;1.0;0.9998342284994364;0.9999171142497182;0.5000994629003382;1.0
Cup;Loss;5-anonymity;RGR;0.02;9147.0;0.17051754405658903;1260.0;0.0;0.8039721946375373;0.7549652432969215;0.019860973187686197;0.5099304865938431;0.019860973187686197;0.26489572989076465;0.5099304865938431;0.26489572989076465;-0.1
Cup;Loss;5-anonymity;RGR;0.02;9544.0;0.16098602462897188;16.0;1.0;0.8000504405668258;0.7549652432969215;2.5220283412934853E-4;0.5001261014170647;0.019860973187686197;0.25999353730237545;0.5050282940054539;0.2550913447139862;-0.1
Cup;Loss;5-anonymity;RGR;0.02;9825.0;0.16097370773531794;0.0;2.0;0.8000504405668258;0.7549652432969215;2.5220283412934853E-4;0.5000000000000001;0.019860973187686197;0.25999353730237545;0.5050282940054539;0.2550913447139862;-0.1
Cup;Loss;5-anonymity;RGR;0.05;8361.0;0.14729676771402941;2578.0;0.0;0.8081272363298183;0.7601590454122729;0.04063618164909128;0.04063618164909128;0.04063618164909128;0.28047713623681847;0.5203180908245456;0.28047713623681847;-0.1
Cup;Loss;5-anonymity;RGR;0.05;8882.0;0.12459349426393432;114.0;1.0;0.8081272363298183;0.7504492362982929;0.0017969451931716084;0.0017969451931716084;0.04063618164909128;0.2610575180088586;0.5106082817105657;0.25134770889487873;-0.1
Cup;Loss;5-anonymity;RGR;0.05;9158.0;0.1241035526615249;5.0;2.0;0.8081272363298183;0.7504492362982929;0.0017969451931716084;9.378792894185148E-4;0.04063618164909128;0.2606279850569821;0.5101787487586892;0.2500591100392491;-0.1
Cup;Loss;5-anonymity;RGR;0.05;9423.0;0.1241035526615249;5.0;3.0;0.8081272363298183;0.7504492362982929;0.0017969451931716084;9.378792894185148E-4;0.04063618164909128;0.2606279850569821;0.5101787487586892;0.2500591100392491;-0.1
Cup;Loss;5-anonymity;RGR;0.1;9111.0;0.14729676771402941;2578.0;0.0;0.8081272363298183;0.7601590454122729;0.04063618164909128;0.04063618164909128;0.04063618164909128;0.28047713623681847;0.5203180908245456;0.28047713623681847;-0.1
Cup;Loss;5-anonymity;RGR;0.1;9689.0;0.12425014018273874;166.0;1.0;0.8081272363298183;0.750654151101023;0.002616604404091991;0.002616604404091991;0.04063618164909128;0.26146734761431883;0.501308302202046;0.251962453303069;-0.1
Cup;Loss;5-anonymity;RGR;0.1;10017.0;0.12336898080412395;16.0;2.0;0.8081272363298183;0.750654151101023;2.5220283412934853E-4;0.002616604404091991;0.04063618164909128;0.2602851468293375;0.5007172018095554;0.250189152125597;-0.1
Cup;Loss;5-anonymity;RGR;0.1;10299.0;0.1233346195032465;1.0;3.0;0.8081272363298183;0.750654151101023;2.5220283412934853E-4;0.002616604404091991;0.04063618164909128;0.26022603679008843;0.5005989817310572;0.250189152125597;-0.1
Cup;Loss;5-anonymity;RGR;1.0;57917.0;0.14729676771402941;2578.0;0.0;0.8081272363298183;0.7601590454122729;0.04063618164909128;0.04063618164909128;0.04063618164909128;0.28047713623681847;0.5203180908245456;0.28047713623681847;-0.1
Cup;Loss;5-anonymity;RGR;1.0;66123.0;0.12425014018273874;166.0;1.0;0.8081272363298183;0.750654151101023;0.002616604404091991;0.002616604404091991;0.04063618164909128;0.26146734761431883;0.501308302202046;0.251962453303069;-0.1
Cup;Loss;5-anonymity;RGR;1.0;67279.0;0.12328878999941208;27.0;2.0;0.8081272363298183;0.750654151101023;4.2559228259327563E-4;0.0015210983433426332;0.04063618164909128;0.26037184155356946;0.5007605491716713;0.250319194211945;-0.1
Cup;Loss;5-anonymity;RGR;1.0;67904.0;0.12319895759926536;7.0;3.0;0.8081272363298183;0.750654151101023;4.2559228259327563E-4;0.0013634715720117906;0.04063618164909128;0.26029302816790406;0.5006817357860059;0.25008275405494873;-0.1
Cup;Loss;5-anonymity;RGR;1.0;68466.0;0.12318310210916532;2.0;4.0;0.8081272363298183;0.750654151101023;4.2559228259327563E-4;0.0013634715720117906;0.04063618164909128;0.2602536214750713;0.5006226257467569;0.25008275405494873;-0.1
Cup;Discernibility;5-anonymity;RGR;0.02;1781.0;0.004475482706146746;97.0;0.0;1.0;0.0015289796819091754;1.0;0.0015289796819091754;1.0;1.0;1.0;1.0;-0.1
Cup;Discernibility;5-anonymity;RGR;0.02;1875.0;0.0029468041649167213;0.0;1.0;1.0;7.644898409545877E-4;1.0;7.644898409545877E-4;1.0;0.9988532652385681;0.9996177550795227;0.9988532652385681;-0.1
Cup;Discernibility;5-anonymity;RGR;0.05;3747.0;0.004475482706146746;97.0;0.0;1.0;0.0015289796819091754;1.0;0.0015289796819091754;1.0;1.0;1.0;1.0;-0.1
Cup;Discernibility;5-anonymity;RGR;0.05;3825.0;0.0029468041649167213;0.0;1.0;1.0;7.644898409545877E-4;1.0;7.644898409545877E-4;1.0;0.9988532652385681;0.9996177550795227;0.9988532652385681;-0.1
Cup;Discernibility;5-anonymity;RGR;0.1;6271.0;0.004475482706146746;97.0;0.0;1.0;0.0015289796819091754;1.0;0.0015289796819091754;1.0;1.0;1.0;1.0;-0.1
Cup;Discernibility;5-anonymity;RGR;0.1;6349.0;0.0029468041649167213;0.0;1.0;1.0;7.644898409545877E-4;1.0;7.644898409545877E-4;1.0;0.9988532652385681;0.9996177550795227;0.9988532652385681;-0.1
Cup;Discernibility;5-anonymity;RGR;1.0;145076.0;0.004475482706146746;97.0;0.0;1.0;0.0015289796819091754;1.0;0.0015289796819091754;1.0;1.0;1.0;1.0;-0.1
Cup;Discernibility;5-anonymity;RGR;1.0;145529.0;0.0029468041649167213;0.0;1.0;1.0;7.644898409545877E-4;1.0;7.644898409545877E-4;1.0;0.9988532652385681;0.9996177550795227;0.9988532652385681;-0.1
Fars;Loss;5-anonymity;RGR;0.02;5154.0;0.2210023196202852;1591.0;0.0;0.8031524614363416;0.015762307181707402;0.6719207690605691;0.6719207690605691;0.015762307181707402;0.015762307181707402;0.6719207690605691;0.015762307181707402;-0.1
Fars;Loss;5-anonymity;RGR;0.02;5294.0;0.21349890471282998;28.0;1.0;0.8031524614363416;0.008019853968316872;0.6667591335849754;0.6667591335849754;2.774007549263402E-4;0.015762307181707402;0.6719207690605691;2.774007549263402E-4;-0.1
Fars;Loss;5-anonymity;RGR;0.02;5357.0;0.21345970187074711;0.0;2.0;0.8031524614363416;0.008019853968316872;0.6667591335849754;0.6667591335849754;2.774007549263402E-4;0.015484906426781062;0.6719207690605691;2.774007549263402E-4;-0.1
Fars;Loss;5-anonymity;RGR;0.05;4476.0;0.1666661866537311;4597.0;0.0;0.6182173038628055;0.04554325965701378;0.36369550643800913;0.36369550643800913;0.04554325965701378;0.04554325965701378;0.6818477532190045;0.04554325965701378;-0.1
Fars;Loss;5-anonymity;RGR;0.05;4851.0;0.13889232502341983;212.0;1.0;0.6182173038628055;0.023821789829299465;0.3492145265528663;0.33473354666772337;0.002100320001585147;0.002100320001585147;0.6818477532190045;0.002100320001585147;-0.1
Fars;Loss;5-anonymity;RGR;0.05;4929.0;0.13829640662455123;10.0;2.0;0.6182173038628055;0.023821789829299465;0.3492145265528663;0.33473354666772337;9.907169818797864E-5;0.002100320001585147;0.6811806704512055;9.907169818797864E-5;-0.1
Fars;Loss;5-anonymity;RGR;0.05;4991.0;0.13829640662455123;10.0;3.0;0.6182173038628055;0.023821789829299465;0.3492145265528663;0.33473354666772337;9.907169818797864E-5;0.002100320001585147;0.6811806704512055;9.907169818797864E-5;-0.1
Fars;Loss;5-anonymity;RGR;0.1;4937.0;0.16280366718500633;6438.0;0.0;0.6255129437173683;0.06378235929342065;0.37585490619561374;0.37585490619561374;0.06378235929342065;0.06378235929342065;0.37585490619561374;0.06378235929342065;-0.1
Fars;Loss;5-anonymity;RGR;0.1;5562.0;0.12154138441976053;393.0;1.0;0.6255129437173683;0.0338379385161041;0.35589195901073606;0.35589195901073606;0.0038935177387875606;0.0038935177387875606;0.35589195901073606;0.0038935177387875606;-0.1
Fars;Loss;5-anonymity;RGR;0.1;5641.0;0.11992006347464994;38.0;2.0;0.6255129437173683;0.03207941587326748;0.35471961058217827;0.35471961058217827;3.7647245311431884E-4;0.0038935177387875606;0.35589195901073606;0.0021349950959509397;-0.1
Fars;Loss;5-anonymity;RGR;0.1;5703.0;0.11986662562664148;3.0;3.0;0.6255129437173683;0.03207941587326748;0.35471961058217827;0.3546040269342923;2.972150945639359E-5;0.0038935177387875606;0.35589195901073606;0.0021349950959509397;-0.1
Fars;Loss;5-anonymity;RGR;1.0;15582.0;0.16280366718500633;6438.0;0.0;0.6255129437173683;0.06378235929342065;0.37585490619561374;0.37585490619561374;0.06378235929342065;0.06378235929342065;0.37585490619561374;0.06378235929342065;-0.1
Fars;Loss;5-anonymity;RGR;1.0;21357.0;0.12154138441976053;393.0;1.0;0.6255129437173683;0.0338379385161041;0.35589195901073606;0.35589195901073606;0.0038935177387875606;0.0038935177387875606;0.35589195901073606;0.0038935177387875606;-0.1
Fars;Loss;5-anonymity;RGR;1.0;22092.0;0.11990858578467588;47.0;2.0;0.6255129437173683;0.03212399813745207;0.3547493320916347;0.3547493320916347;4.6563698148349963E-4;0.0038935177387875606;0.35589195901073606;4.6563698148349963E-4;-0.1
Fars;Loss;5-anonymity;RGR;1.0;22342.0;0.11984116101273887;1.0;3.0;0.6255129437173683;0.03212399813745207;0.3545974221544131;0.3547493320916347;9.907169818797864E-6;0.0038935177387875606;0.35589195901073606;4.6563698148349963E-4;-0.1
Fars;Discernibility;5-anonymity;RGR;0.02;3506.0;0.0030468208028924595;144.0;0.0;0.0014266324539068925;1.0;1.0;1.0;0.0014266324539068925;1.0;0.3342844216359379;1.0;-0.1
Fars;Discernibility;5-anonymity;RGR;0.02;3537.0;0.0016400650241209036;2.0;1.0;0.0014266324539068925;1.0;0.9985931818857307;1.0;0.0014266324539068925;1.0;0.3342844216359379;0.9985931818857307;-0.1
Fars;Discernibility;5-anonymity;RGR;0.05;4866.0;0.0030468208028924595;144.0;0.0;0.0014266324539068925;1.0;1.0;1.0;0.0014266324539068925;1.0;0.3342844216359379;1.0;-0.1
Fars;Discernibility;5-anonymity;RGR;0.05;4897.0;0.0016400650241209036;2.0;1.0;0.0014266324539068925;1.0;0.9985931818857307;1.0;0.0014266324539068925;1.0;0.3342844216359379;0.9985931818857307;-0.1
Fars;Discernibility;5-anonymity;RGR;0.1;6250.0;0.0030468208028924595;144.0;0.0;0.0014266324539068925;1.0;1.0;1.0;0.0014266324539068925;1.0;0.3342844216359379;1.0;-0.1
Fars;Discernibility;5-anonymity;RGR;0.1;6282.0;0.0016400650241209036;2.0;1.0;0.0014266324539068925;1.0;0.9985931818857307;1.0;0.0014266324539068925;1.0;0.3342844216359379;0.9985931818857307;-0.1
Fars;Discernibility;5-anonymity;RGR;1.0;21766.0;0.0030468208028924595;144.0;0.0;0.0014266324539068925;1.0;1.0;1.0;0.0014266324539068925;1.0;0.3342844216359379;1.0;-0.1
Fars;Discernibility;5-anonymity;RGR;1.0;21985.0;0.0016400650241209036;2.0;1.0;0.0014266324539068925;1.0;0.9985931818857307;1.0;0.0014266324539068925;1.0;0.3342844216359379;0.9985931818857307;-0.1
Atus;Loss;5-anonymity;RGR;0.02;17054.0;0.12879290043080677;10713.0;0.0;0.5099331853508464;0.8039732741403386;0.019866370701692896;0.019866370701692896;0.5099331853508464;0.019866370701692896;0.5099331853508464;0.34657758046779524;0.5099331853508464
Atus;Loss;5-anonymity;RGR;0.02;18304.0;0.11826151084643176;169.0;1.0;0.5001566982473904;0.8000626792989561;3.13396494780743E-4;0.019866370701692896;0.5001566982473904;0.01008988359823682;0.5099331853508464;0.34005992239882454;0.5001566982473904
Atus;Loss;5-anonymity;RGR;0.02;18538.0;0.11818793437135373;0.0;2.0;0.4998433017526096;0.8000626792989561;0.0;0.019866370701692896;0.5001566982473904;0.009933185350846448;0.5099331853508464;0.34005992239882454;0.5001566982473904
Atus;Loss;5-anonymity;RGR;0.05;11311.0;0.09569470283133096;24177.0;0.0;0.04483424292493505;0.6179336971699739;0.04483424292493505;0.04483424292493505;0.04483424292493505;0.04483424292493505;0.5224171214624675;0.36322282861662336;0.04483424292493505
Atus;Loss;5-anonymity;RGR;0.05;15226.0;0.06988807168001318;649.0;1.0;0.0012035167166432083;0.6004814066866572;0.0012035167166432083;0.04483424292493505;0.02301887982078913;0.02301887982078913;0.5224171214624675;0.34867925321385945;0.02301887982078913
Atus;Loss;5-anonymity;RGR;0.05;15507.0;0.06943578916450939;30.0;2.0;6.295746152548062E-4;0.6004814066866572;5.5632513866404085E-5;0.04483424292493505;0.022444937719400728;0.022444937719400728;0.5224171214624675;0.34867925321385945;0.022444937719400728
Atus;Loss;5-anonymity;RGR;0.05;15742.0;0.06942824100757909;0.0;3.0;6.017583583216041E-4;0.6004814066866572;6.588213099974411E-21;0.04483424292493505;0.022444937719400728;0.022444937719400728;0.5224171214624675;0.34867925321385945;0.022444937719400728
Atus;Loss;5-anonymity;RGR;0.1;12012.0;0.09569470283133096;24177.0;0.0;0.04483424292493505;0.6179336971699739;0.04483424292493505;0.04483424292493505;0.04483424292493505;0.04483424292493505;0.5224171214624675;0.36322282861662336;0.04483424292493505
Atus;Loss;5-anonymity;RGR;0.1;17167.0;0.06992154881912592;1265.0;1.0;0.002345837668033372;0.6094360161185935;0.002345837668033372;0.04483424292493505;0.023590040296484212;0.002345837668033372;0.5224171214624675;0.3490600268643228;0.023590040296484212
Atus;Loss;5-anonymity;RGR;0.1;17589.0;0.06895314086907924;89.0;2.0;0.001255440396251852;0.6094360161185935;1.650431244703321E-4;0.04483424292493505;0.02249964302470269;0.001255440396251852;0.5224171214624675;0.3483330953498018;0.02249964302470269
Atus;Loss;5-anonymity;RGR;0.1;17823.0;0.06891522439289206;6.0;3.0;0.001255440396251852;0.6094360161185935;1.1126502773280816E-5;0.04483424292493505;0.02249964302470269;0.0011784820854033263;0.5224171214624675;0.3483330953498018;0.022422684713854165
Atus;Loss;5-anonymity;RGR;0.1;18058.0;0.06891218811411318;0.0;4.0;0.0012443138934785712;0.6094360161185935;0.0;0.04483424292493505;0.02249964302470269;0.0011784820854033263;0.5224171214624675;0.3483330953498018;0.022411558211080884
Atus;Loss;5-anonymity;RGR;1.0;13633.0;0.09569470283133096;24177.0;0.0;0.04483424292493505;0.6179336971699739;0.04483424292493505;0.04483424292493505;0.04483424292493505;0.04483424292493505;0.5224171214624675;0.36322282861662336;0.04483424292493505
Atus;Loss;5-anonymity;RGR;1.0;54956.0;0.06992154881912592;1265.0;1.0;0.002345837668033372;0.6094360161185935;0.002345837668033372;0.04483424292493505;0.023590040296484212;0.002345837668033372;0.5224171214624675;0.3490600268643228;0.023590040296484212
Atus;Loss;5-anonymity;RGR;1.0;58191.0;0.06895314086907924;89.0;2.0;0.001255440396251852;0.6094360161185935;1.650431244703321E-4;0.04483424292493505;0.02249964302470269;0.001255440396251852;0.5224171214624675;0.3483330953498018;0.02249964302470269
Atus;Loss;5-anonymity;RGR;1.0;58878.0;0.06891522439289206;6.0;3.0;0.001255440396251852;0.6094360161185935;1.1126502773280816E-5;0.04483424292493505;0.02249964302470269;0.0011784820854033263;0.5224171214624675;0.3483330953498018;0.022422684713854165
Atus;Loss;5-anonymity;RGR;1.0;59347.0;0.06891218811411318;0.0;4.0;0.0012443138934785712;0.6094360161185935;0.0;0.04483424292493505;0.02249964302470269;0.0011784820854033263;0.5224171214624675;0.3483330953498018;0.022411558211080884
Atus;Discernibility;5-anonymity;RGR;0.02;15035.0;0.004866854638577227;681.0;0.0;0.0012628580647673726;1.0;0.0012628580647673726;0.5006314290323837;0.5006314290323837;1.0;1.0;0.0012628580647673726;1.0
Atus;Discernibility;5-anonymity;RGR;0.02;15129.0;0.003610942649004307;6.0;1.0;6.369922837703268E-4;1.0;1.1126502773280816E-5;0.5006314290323837;0.5006314290323837;0.999374134219003;1.0;4.283703567713114E-4;1.0
Atus;Discernibility;5-anonymity;RGR;0.02;15207.0;0.003599778603270665;0.0;2.0;6.369922837703268E-4;1.0;1.1126502773280816E-5;0.5006203025296104;0.5006314290323837;0.9993630077162297;0.9999888734972268;4.1724385399803063E-4;1.0
Atus;Discernibility;5-anonymity;RGR;0.05;19024.0;0.004866854638577227;681.0;0.0;0.0012628580647673726;1.0;0.0012628580647673726;0.5006314290323837;0.5006314290323837;1.0;1.0;0.0012628580647673726;1.0
Atus;Discernibility;5-anonymity;RGR;0.05;19165.0;0.003610942649004307;6.0;1.0;6.369922837703268E-4;1.0;1.1126502773280816E-5;0.5006314290323837;0.5006314290323837;0.999374134219003;1.0;4.283703567713114E-4;1.0
Atus;Discernibility;5-anonymity;RGR;0.05;19243.0;0.003599778603270665;0.0;2.0;6.369922837703268E-4;1.0;1.1126502773280816E-5;0.5006203025296104;0.5006314290323837;0.9993630077162297;0.9999888734972268;4.1724385399803063E-4;1.0
Atus;Discernibility;5-anonymity;RGR;0.1;27380.0;0.004866854638577227;681.0;0.0;0.0012628580647673726;1.0;0.0012628580647673726;0.5006314290323837;0.5006314290323837;1.0;1.0;0.0012628580647673726;1.0
Atus;Discernibility;5-anonymity;RGR;0.1;27552.0;0.003610942649004307;6.0;1.0;6.369922837703268E-4;1.0;1.1126502773280816E-5;0.5006314290323837;0.5006314290323837;0.999374134219003;1.0;4.283703567713114E-4;1.0
Atus;Discernibility;5-anonymity;RGR;0.1;27630.0;0.003599778603270665;0.0;2.0;6.369922837703268E-4;1.0;1.1126502773280816E-5;0.5006203025296104;0.5006314290323837;0.9993630077162297;0.9999888734972268;4.1724385399803063E-4;1.0
Atus;Discernibility;5-anonymity;RGR;1.0;31976.0;0.004866854638577227;681.0;0.0;0.0012628580647673726;1.0;0.0012628580647673726;0.5006314290323837;0.5006314290323837;1.0;1.0;0.0012628580647673726;1.0
Atus;Discernibility;5-anonymity;RGR;1.0;33148.0;0.003610942649004307;6.0;1.0;6.369922837703268E-4;1.0;1.1126502773280816E-5;0.5006314290323837;0.5006314290323837;0.999374134219003;1.0;4.283703567713114E-4;1.0
Atus;Discernibility;5-anonymity;RGR;1.0;33398.0;0.0036016392603070817;1.0;2.0;6.27720198125926E-4;1.0;1.1126502773280816E-5;0.5006221569467393;0.5006314290323837;0.9993648621333585;0.9999907279143556;4.1909827112691076E-4;1.0
Ihis;Loss;5-anonymity;RGR;0.02;78291.0;0.16329811046881532;21884.0;0.0;0.21466874011314582;0.018335925141432285;0.018335925141432285;0.6727786417138107;0.7545839812853581;0.018335925141432285;0.018335925141432285;0.018335925141432285;1.0
Ihis;Loss;5-anonymity;RGR;0.02;80135.0;0.15248318465881097;373.0;1.0;0.21106406011207335;3.125251360699252E-4;3.125251360699252E-4;0.6667708417120233;0.7545839812853581;3.125251360699252E-4;3.125251360699252E-4;0.018335925141432285;1.0
Ihis;Loss;5-anonymity;RGR;0.02;80541.0;0.15237358512127838;4.0;2.0;0.2110022253800574;3.3514759900260073E-6;3.3514759900260073E-6;0.6667708417120233;0.7545839812853581;3.125251360699252E-4;3.3514759900260073E-6;0.018335925141432285;1.0
Ihis;Loss;5-anonymity;RGR;0.05;75033.0;0.14900863997900207;56015.0;0.0;0.8093866463790654;0.0469332318953267;0.0469332318953267;0.6823110772984422;0.7617333079738317;0.5234666159476633;0.0469332318953267;0.0469332318953267;0.0469332318953267
Ihis;Loss;5-anonymity;RGR;0.05;81104.0;0.1195481716551636;1775.0;1.0;0.8002974434941149;0.0014872174705740408;0.0014872174705740408;0.6671624058235247;0.7503718043676435;0.4780206015229107;0.0014872174705740408;0.0469332318953267;0.0469332318953267
Ihis;Loss;5-anonymity;RGR;0.05;81589.0;0.11891137377837138;11.0;2.0;0.8000018433117946;9.21655897257152E-6;9.21655897257152E-6;0.6671624058235247;0.7500023041397431;0.4780206015229107;9.21655897257152E-6;0.0469332318953267;0.0469332318953267
Ihis;Loss;5-anonymity;RGR;0.05;81979.0;0.11891057302031041;0.0;3.0;0.8;9.21655897257152E-6;9.21655897257152E-6;0.6671624058235247;0.7500023041397431;0.4780206015229107;9.21655897257152E-6;0.0469332318953267;0.0469332318953267
Ihis;Loss;5-anonymity;RGR;0.1;90548.0;0.14358687551961796;84659.0;0.0;0.8141866302919806;0.07093315145990294;0.07093315145990294;0.6903110504866343;0.7677332878649757;0.07093315145990294;0.07093315145990294;0.07093315145990294;0.07093315145990294
Ihis;Loss;5-anonymity;RGR;0.1;102810.0;0.09701899608601865;3076.0;1.0;0.7731731104378368;0.0025772850363299875;0.0025772850363299875;0.6675257616787766;0.7506443212590825;0.0025772850363299875;0.0025772850363299875;0.07093315145990294;0.07093315145990294
Ihis;Loss;5-anonymity;RGR;0.1;103420.0;0.09589939640268243;96.0;2.0;0.7716750006702952;8.043542376061198E-5;8.043542376061198E-5;0.6675257616787766;0.7500201088559402;0.0025772850363299875;8.043542376061198E-5;0.07093315145990294;0.07093315145990294
Ihis;Loss;5-anonymity;RGR;0.1;103810.0;0.09587741509744764;6.0;3.0;0.7716599190283401;4.273131887281939E-5;5.027213985026807E-6;0.6675257616787766;0.7500201088559402;0.0025772850363299875;5.027213985026807E-6;0.07093315145990294;0.07093315145990294
Ihis;Loss;5-anonymity;RGR;0.1;104217.0;0.09587556188195728;0.0;4.0;0.771655897257152;4.0217711880299885E-5;5.027213985026807E-6;0.6675224102027866;0.7500201088559402;0.002574771429337468;5.027213985026807E-6;0.07093315145990294;0.07093315145990294
Ihis;Loss;5-anonymity;RGR;1.0;228371.0;0.14358687551961796;84659.0;0.0;0.8141866302919806;0.07093315145990294;0.07093315145990294;0.6903110504866343;0.7677332878649757;0.07093315145990294;0.07093315145990294;0.07093315145990294;0.07093315145990294
Ihis;Loss;5-anonymity;RGR;1.0;334166.0;0.09701899608601865;3076.0;1.0;0.7731731104378368;0.0025772850363299875;0.0025772850363299875;0.6675257616787766;0.7506443212590825;0.0025772850363299875;0.0025772850363299875;0.07093315145990294;0.07093315145990294
Ihis;Loss;5-anonymity;RGR;1.0;340021.0;0.09589939640268243;96.0;2.0;0.7716750006702952;8.043542376061198E-5;8.043542376061198E-5;0.6675257616787766;0.7500201088559402;0.0025772850363299875;8.043542376061198E-5;0.07093315145990294;0.07093315145990294
Ihis;Loss;5-anonymity;RGR;1.0;340777.0;0.09587741509744764;6.0;3.0;0.7716599190283401;4.273131887281939E-5;5.027213985026807E-6;0.6675257616787766;0.7500201088559402;0.0025772850363299875;5.027213985026807E-6;0.07093315145990294;0.07093315145990294
Ihis;Loss;5-anonymity;RGR;1.0;341371.0;0.09587556188195728;0.0;4.0;0.771655897257152;4.0217711880299885E-5;5.027213985026807E-6;0.6675224102027866;0.7500201088559402;0.002574771429337468;5.027213985026807E-6;0.07093315145990294;0.07093315145990294
Ihis;Discernibility;5-anonymity;RGR;0.02;75960.0;1.034212609337616E-4;42.0;0.0;3.519049789527308E-5;0.5000175952489476;3.519049789527308E-5;1.0;3.519049789527308E-5;1.0;3.519049789527308E-5;1.0;1.0
Ihis;Discernibility;5-anonymity;RGR;0.02;76070.0;6.823093175566022E-5;0.0;1.0;2.8152398316218463E-5;0.5;0.0;1.0;8.79762447381827E-6;1.0;0.0;1.0;1.0
Ihis;Discernibility;5-anonymity;RGR;0.05;78816.0;1.034212609337616E-4;42.0;0.0;3.519049789527308E-5;0.5000175952489476;3.519049789527308E-5;1.0;3.519049789527308E-5;1.0;3.519049789527308E-5;1.0;1.0
Ihis;Discernibility;5-anonymity;RGR;0.05;78910.0;6.823093175566022E-5;0.0;1.0;2.8152398316218463E-5;0.5;0.0;1.0;8.79762447381827E-6;1.0;0.0;1.0;1.0
Ihis;Discernibility;5-anonymity;RGR;0.1;104005.0;1.034212609337616E-4;42.0;0.0;3.519049789527308E-5;0.5000175952489476;3.519049789527308E-5;1.0;3.519049789527308E-5;1.0;3.519049789527308E-5;1.0;1.0
Ihis;Discernibility;5-anonymity;RGR;0.1;104130.0;6.823093175566022E-5;0.0;1.0;2.8152398316218463E-5;0.5;0.0;1.0;8.79762447381827E-6;1.0;0.0;1.0;1.0
Ihis;Discernibility;5-anonymity;RGR;1.0;317047.0;1.034212609337616E-4;42.0;0.0;3.519049789527308E-5;0.5000175952489476;3.519049789527308E-5;1.0;3.519049789527308E-5;1.0;3.519049789527308E-5;1.0;1.0
Ihis;Discernibility;5-anonymity;RGR;1.0;317312.0;6.823093175566022E-5;0.0;1.0;2.8152398316218463E-5;0.5;0.0;1.0;8.79762447381827E-6;1.0;0.0;1.0;1.0
